prediction_date,target_window_start,target_window_end,pred,obs,date,pi50_lower,pi50_upper,pi68_lower,pi68_upper,pi80_lower,pi80_upper,pi90_lower,pi90_upper
2024-08-29,2024-09-05,2024-09-11,9.944411523150821,7.358687047383372,2024-09-05,6.340498253917721,13.548324792383921,5.018420181397227,14.870402864904415,3.3298716704086972,16.558951375892946,0.4012439221888009,19.48757912411284
2024-08-31,2024-09-07,2024-09-13,9.431062845337076,7.356790603049907,2024-09-07,5.8271495761039755,13.034976114570176,4.505071503583482,14.35705418709067,2.816522992594952,16.0456026980792,-0.11210475562494437,18.974230446299096
2024-09-02,2024-09-09,2024-09-15,10.092430870266291,7.151732512348068,2024-09-09,6.488517601033191,13.696344139499391,5.166439528512697,15.018422212019885,3.4778910175241675,16.706970723008414,0.5492632693042712,19.635598471228313
2024-09-03,2024-09-10,2024-09-16,9.448031283544614,7.151732512348068,2024-09-10,5.844118014311514,13.051944552777714,4.52203994179102,14.374022625298208,2.83349143080249,16.06257113628674,-0.09513631741740625,18.991198884506634
2024-09-04,2024-09-11,2024-09-17,9.792730004207902,8.495950638399876,2024-09-11,6.188816734974802,13.396643273441002,4.866738662454308,14.718721345961496,3.1781901514657784,16.407269856950027,0.24956240324588208,19.335897605169922
2024-09-08,2024-09-15,2024-09-21,9.576593649058989,7.045666299192524,2024-09-15,5.9726803798258885,13.180506918292089,4.650602307305395,14.502584990812583,2.962053796316865,16.19113350180111,0.033426048096968586,19.119761250021007
2024-09-09,2024-09-16,2024-09-22,8.911384555077724,6.697135914806831,2024-09-16,5.307471285844624,12.515297824310824,3.98539321332413,13.837375896831318,2.2968447023356005,15.525924407819847,-0.6317830458842959,18.454552156039746
2024-09-10,2024-09-17,2024-09-23,8.242533410069475,6.171008886158548,2024-09-17,4.638620140836375,11.846446679302575,3.316542068315881,13.16852475182307,1.6279935573273514,14.8570732628116,-1.300634190892545,17.785701011031495
2024-09-11,2024-09-18,2024-09-24,7.127709972126942,4.43959173852277,2024-09-18,3.5237967028938417,10.731623241360042,2.201718630373348,12.053701313880536,0.5131701193848182,13.742249824869067,-2.415457628835078,16.670877573088962
2024-09-12,2024-09-19,2024-09-25,6.8986583389965945,5.121029984897995,2024-09-19,3.2947450697634943,10.502571608229694,1.9726669972430004,11.824649680750188,0.2841184862544708,13.513198191738718,-2.6445092619654256,16.441825939958616
2024-09-13,2024-09-20,2024-09-26,7.34841995155425,5.121029984897995,2024-09-20,3.74450668232115,10.95233322078735,2.422428609800656,12.274411293307844,0.7338800988121266,13.962959804296375,-2.19474764940777,16.89158755251627
2024-09-14,2024-09-21,2024-09-27,7.147221070328889,5.517134135876171,2024-09-21,3.5433078010957892,10.75113433956199,2.2212297285752953,12.073212412082484,0.5326812175867657,13.761760923071012,-2.3959465306331307,16.69038867129091
2024-09-15,2024-09-22,2024-09-28,7.2285063657864885,5.019375780614866,2024-09-22,3.6245930965533883,10.832419635019589,2.3025150240328944,12.154497707540083,0.6139665130443648,13.843046218528613,-2.3146612351755316,16.77167396674851
2024-09-16,2024-09-23,2024-09-29,7.09826986729266,6.094741181508121,2024-09-23,3.49435659805956,10.702183136525761,2.172278525539066,12.024261209046255,0.4837300145505363,13.712809720034784,-2.44489773366936,16.64143746825468
2024-09-17,2024-09-24,2024-09-30,6.557462331952273,10.008055078926041,2024-09-24,2.9535490627191727,10.161375601185373,1.6314709901986788,11.483453673705867,-0.057077520789850844,13.172002184694396,-2.985705269009747,16.100629932914295
2024-09-20,2024-09-27,2024-10-03,8.428949444398782,11.204701085235312,2024-09-27,4.825036175165682,12.032862713631882,3.502958102645188,13.354940786152376,1.8144095916566583,15.043489297140905,-1.114218156563238,17.972117045360804
2024-09-21,2024-09-28,2024-10-04,9.125827132183895,9.700566847743797,2024-09-28,5.521913862950795,12.729740401416995,4.199835790430301,14.05181847393749,2.5112872794417713,15.74036698492602,-0.41734046877812503,18.668994733145915
2024-09-22,2024-09-29,2024-10-05,10.678353470634093,9.700566847743797,2024-09-29,7.074440201400993,14.282266739867193,5.752362128880499,15.604344812387687,4.063813617891969,17.292893323376216,1.135185869672073,20.221521071596115
2024-09-23,2024-09-30,2024-10-06,11.409073052284883,9.814159142401877,2024-09-30,7.805159783051783,15.012986321517984,6.483081710531289,16.335064394038476,4.79453319954276,18.023612905027008,1.8659054513228632,20.952240653246903
2024-09-24,2024-10-01,2024-10-07,11.862676793736432,7.002125817921089,2024-10-01,8.258763524503332,15.466590062969532,6.936685451982838,16.788668135490028,5.248136940994308,18.477216646478556,2.3195091927744116,21.405844394698452
2024-09-25,2024-10-02,2024-10-08,11.666316423745014,8.066861259469489,2024-10-02,8.062403154511914,15.270229692978114,6.74032508199142,16.59230776549861,5.051776571002891,18.28085627648714,2.123148822782994,21.209484024707034
2024-09-26,2024-10-03,2024-10-09,11.493914846612137,7.700533680054574,2024-10-03,7.890001577379037,15.097828115845237,6.567923504858543,16.41990618836573,4.879374993870013,18.10845469935426,1.950747245650117,21.037082447574157
2024-09-27,2024-10-04,2024-10-10,11.52339171601757,8.680689603319664,2024-10-04,7.9194784467844705,15.127304985250671,6.597400374263977,16.449383057771165,4.908851863275447,18.137931568759694,1.9802241150555506,21.066559316979593
2024-09-28,2024-10-05,2024-10-11,10.707505536831723,9.027939504402896,2024-10-05,7.103592267598623,14.311418806064824,5.781514195078129,15.633496878585317,4.0929656840896,17.322045389573848,1.1643379358697032,20.250673137793743
2024-09-29,2024-10-06,2024-10-12,10.422863493323288,8.723962786866934,2024-10-06,6.818950224090187,14.026776762556388,5.496872151569693,15.348854835076882,3.808323640581164,17.03740334606541,0.8796958923612674,19.966031094285306
2024-09-30,2024-10-07,2024-10-13,9.776481249404787,8.342703594955804,2024-10-07,6.172567980171687,13.380394518637887,4.850489907651193,14.702472591158381,3.1619413966626633,16.39102110214691,0.23331364844276692,19.319648850366807
2024-10-01,2024-10-08,2024-10-14,10.237847497914263,8.621400438733776,2024-10-08,6.633934228681163,13.841760767147363,5.311856156160669,15.163838839667857,3.6233076451721393,16.852387350656386,0.694679896952243,19.78101509887628
2024-10-02,2024-10-09,2024-10-15,10.495068443495416,7.408084463231681,2024-10-09,6.891155174262316,14.098981712728516,5.569077101741822,15.42105978524901,3.8805285907532925,17.10960829623754,0.9519008425333961,20.038236044457435
2024-10-03,2024-10-10,2024-10-16,10.487582921493372,7.79715453074741,2024-10-10,6.883669652260272,14.091496190726472,5.561591579739778,15.413574263246966,3.8730430687512483,17.102122774235497,0.9444153205313519,20.030750522455392
2024-10-04,2024-10-11,2024-10-17,10.187375983839981,6.676824402460572,2024-10-11,6.583462714606881,13.791289253073082,5.261384642086387,15.113367325593575,3.5728361310978576,16.801915836582104,0.6442083828779612,19.730543584802
2024-10-05,2024-10-12,2024-10-18,9.345579813721416,6.928133402313908,2024-10-12,5.741666544488316,12.949493082954517,4.419588471967822,14.27157115547501,2.7310399609792926,15.960119666463541,-0.19758778724060377,18.888747414683436
2024-10-06,2024-10-13,2024-10-19,8.74790619257196,6.859146953095604,2024-10-13,5.14399292333886,12.35181946180506,3.8219148508183665,13.673897534325555,2.133366339829837,15.362446045314083,-0.7952614083900595,18.291073793533982
2024-10-07,2024-10-14,2024-10-20,8.687568157161678,6.659162186459753,2024-10-14,5.083654887928578,12.291481426394778,3.761576815408084,13.613559498915272,2.0730283044195543,15.302108009903801,-0.855599443800342,18.2307357581237
2024-10-08,2024-10-15,2024-10-21,8.907315293086858,6.5606842436439345,2024-10-15,5.303402023853758,12.511228562319959,3.9813239513332643,13.833306634840453,2.2927754403447347,15.521855145828983,-0.6358523078751617,18.45048289404888
2024-10-09,2024-10-16,2024-10-22,8.302872372447322,6.727055470064766,2024-10-16,4.6989591032142215,11.906785641680422,3.3768810306937276,13.228863714200916,1.688332519705198,14.917412225189445,-1.2402952285146984,17.84603997340934
2024-10-10,2024-10-17,2024-10-23,8.327965552796545,7.244234436542052,2024-10-17,4.724052283563445,11.931878822029645,3.401974211042951,13.25395689455014,1.7134257000544215,14.942505405538668,-1.2152020481654748,17.871133153758564
2024-10-12,2024-10-19,2024-10-25,9.479963684080957,8.16474657688417,2024-10-19,5.876050414847857,13.083876953314057,4.553972342327363,14.405955025834551,2.865423831338833,16.09450353682308,-0.0632039168810632,19.02313128504298
2024-10-13,2024-10-20,2024-10-26,9.388824451563154,8.707181757632155,2024-10-20,5.784911182330054,12.992737720796255,4.46283310980956,14.314815793316749,2.7742845988210307,16.00336430430528,-0.15434314939886562,18.931992052525175
2024-10-14,2024-10-21,2024-10-27,8.977777267977482,8.930114847653659,2024-10-21,5.3738639987443815,12.581690537210582,4.051785926223888,13.903768609731076,2.363237415235358,15.592317120719606,-0.5653903329845384,18.5209448689395
2024-10-15,2024-10-22,2024-10-28,8.716305216846774,8.930114847653659,2024-10-22,5.112391947613673,12.320218486079874,3.7903138750931795,13.642296558600368,2.10176536410465,15.330845069588896,-0.8268623841152465,18.259472817808792
2024-10-16,2024-10-23,2024-10-29,8.656546614538852,9.16528268572099,2024-10-23,5.052633345305752,12.260459883771953,3.7305552727852582,13.582537956292446,2.0420067617967286,15.271086467280977,-0.8866209864231678,18.199714215500872
2024-10-24,2024-10-31,2024-11-06,7.592273925783342,12.224795076664915,2024-10-31,3.988360656550242,11.196187195016442,2.666282584029748,12.518265267536936,0.9777340730412183,14.206813778525465,-1.950893675178678,17.13544152674536
2024-10-25,2024-11-01,2024-11-07,7.74976923835054,12.224795076664915,2024-11-01,4.14585596911744,11.35368250758364,2.823777896596946,12.675760580104134,1.1352293856084161,14.364309091092665,-1.7933983626114802,17.29293683931256
2024-10-26,2024-11-02,2024-11-08,7.456037756031143,12.224795076664915,2024-11-02,3.8521244867980426,11.059951025264244,2.5300464142775487,12.382029097784738,0.8414979032890191,14.070577608773267,-2.0871298449308773,16.999205356993162
2024-11-08,2024-11-15,2024-11-21,9.409418884876615,19.410139890548457,2024-11-15,5.805505615643515,13.013332154109715,4.483427543123021,14.33541022663021,2.7948790321344914,16.023958737618738,-0.13374871608540495,18.952586485838637
2024-11-09,2024-11-16,2024-11-22,9.661024485756531,17.10788505127035,2024-11-16,6.057111216523431,13.264937754989631,4.735033144002937,14.587015827510125,3.0464846330144075,16.275564338498654,0.11785688479451117,19.20419208671855
2024-11-10,2024-11-17,2024-11-23,9.336879774767239,15.436973900752228,2024-11-17,5.732966505534138,12.940793044000339,4.410888433013644,14.262871116520833,2.7223399220251148,15.951419627509363,-0.2062878261947816,18.88004737572926
2024-11-11,2024-11-18,2024-11-24,10.220712262550503,15.436973900752228,2024-11-18,6.616798993317403,13.824625531783603,5.294720920796909,15.146703604304097,3.606172409808379,16.835252115292626,0.6775446615884828,19.76387986351252
2024-11-12,2024-11-19,2024-11-25,10.163351095548201,11.398830095100251,2024-11-19,6.559437826315101,13.767264364781301,5.237359753794607,15.089342437301795,3.548811242806077,16.777890948290324,0.6201834945861808,19.706518696510223
2024-11-13,2024-11-20,2024-11-26,10.524969644332915,9.763825257380494,2024-11-20,6.921056375099814,14.128882913566015,5.5989783025793205,15.450960986086509,3.910429791590791,17.13950949707504,0.9818020433708945,20.068137245294935
2024-11-14,2024-11-21,2024-11-27,10.611360972274754,8.916173337049212,2024-11-21,7.007447703041654,14.215274241507855,5.68536963052116,15.537352314028348,3.9968211195326306,17.22590082501688,1.0681933713127343,20.154528573236774
2024-11-15,2024-11-22,2024-11-28,10.224426926136058,8.006053711383448,2024-11-22,6.620513656902958,13.828340195369158,5.298435584382464,15.150418267889652,3.609887073393934,16.83896677887818,0.6812593251740378,19.767594527098076
2024-11-16,2024-11-23,2024-11-29,9.878492755217259,8.032850715689827,2024-11-23,6.274579485984159,13.48240602445036,4.952501413463665,14.804484096970853,3.2639529024751353,16.493032607959382,0.3353251542552389,19.42166035617928
2024-11-17,2024-11-24,2024-11-30,9.403804511779903,8.114145777504088,2024-11-24,5.799891242546803,13.007717781013003,4.477813170026309,14.329795853533497,2.789264659037779,16.018344364522026,-0.13936308918211715,18.946972112741925
2024-11-18,2024-11-25,2024-12-01,9.681503412796053,8.43116930599839,2024-11-25,6.0775901435629525,13.285416682029153,4.7555120710424585,14.607494754549647,3.066963560053929,16.296043265538177,0.13833581183403254,19.224671013758073
2024-11-19,2024-11-26,2024-12-02,9.721612147554275,8.54244858408051,2024-11-26,6.117698878321175,13.325525416787375,4.795620805800681,14.647603489307869,3.107072294812151,16.336152000296398,0.17844454659225484,19.264779748516297
2024-11-20,2024-11-27,2024-12-03,9.546759640197344,9.415520310421066,2024-11-27,5.942846370964244,13.150672909430444,4.62076829844375,14.472750981950938,2.93221978745522,16.161299492939467,0.0035920392353236963,19.089927241159366
2024-11-21,2024-11-28,2024-12-04,11.638178979347485,8.587169115426878,2024-11-28,8.034265710114385,15.242092248580585,6.712187637593891,16.56417032110108,5.023639126605361,18.25271883208961,2.0950113783854647,21.181346580309505
2024-11-22,2024-11-29,2024-12-05,12.129758374326824,7.8894467950136455,2024-11-29,8.525845105093724,15.733671643559925,7.20376703257323,17.05574971608042,5.515218521584701,18.74429822706895,2.5865907733648044,21.672925975288845
2024-11-23,2024-11-30,2024-12-06,9.179465465767155,7.8894467950136455,2024-11-30,5.575552196534055,12.783378735000255,4.253474124013561,14.10545680752075,2.5649256130250313,15.794005318509278,-0.36370213519486505,18.722633066729173
2024-11-24,2024-12-01,2024-12-07,8.303110892981334,7.919871949751834,2024-12-01,4.699197623748233,11.907024162214434,3.3771195512277394,13.229102234734928,1.6885710402392098,14.917650745723456,-1.2400567079806866,17.846278493943352
2024-11-25,2024-12-02,2024-12-08,8.825748575175092,7.507984976393175,2024-12-02,5.221835305941992,12.429661844408193,3.8997572334214983,13.751739916928686,2.2112087224329686,15.440288427917217,-0.7174190257869277,18.368916176137112
2024-11-26,2024-12-03,2024-12-09,9.802299075402797,7.585466342155391,2024-12-03,6.198385806169696,13.406212344635897,4.8763077336492024,14.72829041715639,3.187759222660673,16.41683892814492,0.25913147444077644,19.345466676364815
2024-11-27,2024-12-04,2024-12-10,9.643464764317596,7.321148669646982,2024-12-04,6.0395514950844955,13.247378033550696,4.717473422564002,14.56945610607119,3.028924911575472,16.25800461705972,0.10029716335557559,19.186632365279614
2024-11-28,2024-12-05,2024-12-11,11.654757100408567,6.503015929964637,2024-12-05,8.050843831175467,15.258670369641667,6.728765758654973,16.58074844216216,5.040217247666443,18.26929695315069,2.1115894994465467,21.19792470137059
2024-11-29,2024-12-06,2024-12-12,10.815239404845235,7.131622378422604,2024-12-06,7.2113261356121345,14.419152674078335,5.889248063091641,15.741230746598829,4.200699552103111,17.42977925758736,1.2720718038832146,20.358407005807255
2024-11-30,2024-12-07,2024-12-13,10.514110829426071,6.750873295511384,2024-12-07,6.910197560192971,14.118024098659172,5.588119487672477,15.440102171179666,3.8995709766839477,17.128650682168196,0.9709432284640513,20.05727843038809
2024-12-01,2024-12-08,2024-12-14,9.633996056279233,6.887711944672138,2024-12-08,6.030082787046133,13.237909325512334,4.708004714525639,14.559987398032828,3.0194562035371098,16.248535909021356,0.0908284553172134,19.177163657241252
2024-12-02,2024-12-09,2024-12-15,9.492748438168967,6.73728862297011,2024-12-09,5.8888351689358664,13.096661707402067,4.5667570964153725,14.41873977992256,2.878208585426843,16.10728829091109,-0.050419162793053474,19.03591603913099
2024-12-03,2024-12-10,2024-12-16,8.934956122130984,6.659521391486858,2024-12-10,5.331042852897884,12.538869391364084,4.00896478037739,13.860947463884578,2.3204162693888604,15.549495974873107,-0.608211478831036,18.478123723093006
2024-12-04,2024-12-11,2024-12-17,8.626541908689997,6.659521391486858,2024-12-11,5.022628639456897,12.230455177923098,3.7005505669364034,13.552533250443592,2.0120020559478737,15.24108176143212,-0.9166256922720226,18.169709509652016
2024-12-05,2024-12-12,2024-12-18,8.418458327757946,6.643358953801399,2024-12-12,4.814545058524846,12.022371596991047,3.4924669860043522,13.34444966951154,1.8039184750158226,15.03299818050007,-1.1247092732040738,17.961625928719968
2024-12-06,2024-12-13,2024-12-19,8.338846960870772,8.253635217315233,2024-12-13,4.734933691637671,11.942760230103872,3.4128556191171775,13.264838302624366,1.7243071081286478,14.953386813612894,-1.2043206400912485,17.88201456183279
2024-12-07,2024-12-14,2024-12-20,8.561946134592182,9.29510631856289,2024-12-14,4.9580328653590815,12.165859403825282,3.6359547928385876,13.487937476345776,1.947406281850058,15.176485987334306,-0.9812214663698384,18.105113735554202
2024-12-08,2024-12-15,2024-12-21,8.487328546913231,9.523693882185079,2024-12-15,4.883415277680131,12.091241816146331,3.561337205159637,13.413319888666825,1.8727886941711072,15.101868399655356,-1.0558390540487892,18.03049614787525
2024-12-09,2024-12-16,2024-12-22,8.56832470385771,9.523693882185079,2024-12-16,4.96441143462461,12.17223797309081,3.6423333621041163,13.494316045611304,1.9537848511155866,15.182864556599835,-0.9748428971043097,18.11149230481973
2024-12-30,2025-01-06,2025-01-12,12.330280736702385,12.289227806323082,2025-01-06,8.726367467469284,15.934194005935485,7.4042893949487905,17.25627207845598,5.715740883960261,18.944820589444507,2.7871131357403645,21.873448337664406
2024-12-31,2025-01-07,2025-01-13,11.694103080322153,12.289227806323082,2025-01-07,8.090189811089052,15.298016349555253,6.7681117385685585,16.620094422075745,5.079563227580029,18.308642933064277,2.1509354793601325,21.237270681284173
2025-01-01,2025-01-08,2025-01-14,11.087302900976413,11.57261940706681,2025-01-08,7.483389631743313,14.691216170209513,6.161311559222819,16.013294242730005,4.472763048234289,17.701842753718537,1.5441353000143927,20.630470501938433
2025-01-02,2025-01-09,2025-01-15,10.955306194786402,11.08903713553457,2025-01-09,7.351392925553302,14.559219464019503,6.029314853032808,15.881297536539996,4.340766342044279,17.569846047528525,1.4121385938243822,20.498473795748424
2025-01-03,2025-01-10,2025-01-16,10.41615121854473,10.565232101721849,2025-01-10,6.81223794931163,14.02006448777783,5.490159876791136,15.342142560298324,3.8016113658026063,17.030691071286853,0.8729836175827099,19.95931881950675
2025-01-04,2025-01-11,2025-01-17,9.99315442507224,10.23580632413603,2025-01-11,6.389241155839139,13.59706769430534,5.067163083318645,14.919145766825833,3.3786145723301155,16.607694277814364,0.4499868241102192,19.53632202603426
2025-01-05,2025-01-12,2025-01-18,10.116692408047964,9.81407472808174,2025-01-12,6.512779138814864,13.720605677281064,5.19070106629437,15.042683749801558,3.50215255530584,16.731232260790087,0.5735248070859438,19.659860009009982
2025-01-06,2025-01-13,2025-01-19,9.79048427760358,9.402087726814644,2025-01-13,6.18657100837048,13.39439754683668,4.864492935849986,14.716475619357174,3.1759444248614566,16.405024130345705,0.2473166766415602,19.3336518785656
2025-01-07,2025-01-14,2025-01-20,10.161946689899766,9.402087726814644,2025-01-14,6.558033420666666,13.765859959132866,5.235955348146172,15.08793803165336,3.5474068371576424,16.77648654264189,0.618779088937746,19.705114290861786
2025-01-14,2025-01-21,2025-01-27,12.140778157852868,9.50514958264273,2025-01-21,8.536864888619768,15.744691427085968,7.214786816099274,17.066769499606462,5.526238305110744,18.75531801059499,2.5976105568908476,21.683945758814886
2025-01-15,2025-01-22,2025-01-28,11.75518165989421,10.200233861746423,2025-01-22,8.15126839066111,15.359094929127311,6.829190318140617,16.681173001647807,5.140641807152087,18.369721512636335,2.2120140589321906,21.29834926085623
2025-01-16,2025-01-23,2025-01-29,11.461011373345523,9.807686372425636,2025-01-23,7.857098104112422,15.064924642578623,6.5350200315919285,16.387002715099115,4.846471520603399,18.075551226087647,1.9178437723835025,21.004178974307543
2025-01-17,2025-01-24,2025-01-30,11.81361077663661,12.557908945728293,2025-01-24,8.20969750740351,15.41752404586971,6.887619434883016,16.739602118390202,5.199070923894486,18.428150629378734,2.2704431756745898,21.35677837759863
2025-01-18,2025-01-25,2025-01-31,11.463866276124136,11.471482279715138,2025-01-25,7.859953006891036,15.067779545357237,6.537874934370542,16.38985761787773,4.849326423382013,18.07840612886626,1.9206986751621162,21.007033877086158
2025-01-19,2025-01-26,2025-02-01,10.88857798343313,10.9041521703275,2025-01-26,7.28466471420003,14.49249125266623,5.962586641679536,15.814569325186724,4.2740381306910065,17.503117836175253,1.3454103824711101,20.431745584395152
2025-01-20,2025-01-27,2025-02-02,11.042001349495516,10.815424618082671,2025-01-27,7.438088080262416,14.645914618728616,6.116010007741922,15.96799269124911,4.427461496753392,17.65654120223764,1.498833748533496,20.585168950457536
2025-01-21,2025-01-28,2025-02-03,10.967812660675182,11.859553685227299,2025-01-28,7.363899391442082,14.571725929908283,6.041821318921588,15.893804002428777,4.353272807933059,17.582352513417305,1.4246450597131624,20.5109802616372
2025-01-22,2025-01-29,2025-02-04,10.919602902513548,10.909673243003189,2025-01-29,7.3156896332804475,14.523516171746648,5.993611560759954,15.845594244267142,4.305063049771424,17.534142755255672,1.3764353015515276,20.462770503475568
2025-01-23,2025-01-30,2025-02-05,12.112555276290857,10.605170965454155,2025-01-30,8.508642007057757,15.716468545523957,7.186563934537263,17.03854661804445,5.4980154235487335,18.727095129032982,2.569387675328837,21.655722877252877
2025-01-24,2025-01-31,2025-02-06,10.685723358937647,8.86146889397839,2025-01-31,7.081810089704547,14.289636628170747,5.759732017184053,15.611714700691241,4.071183506195523,17.30026321167977,1.142555757975627,20.228890959899665
2025-01-25,2025-02-01,2025-02-07,11.035740009304417,9.366751606024417,2025-02-01,7.431826740071317,14.639653278537518,6.109748667550823,15.961731351058011,4.421200156562294,17.650279862046542,1.4925724083423972,20.578907610266437
2025-01-26,2025-02-02,2025-02-08,11.413923402524166,11.20139561270774,2025-02-02,7.810010133291065,15.017836671757266,6.4879320607705715,16.33991474427776,4.799383549782042,18.02846325526629,1.8707558015621455,20.957091003486184
2025-01-27,2025-02-03,2025-02-09,10.809220771386142,11.03444600641592,2025-02-03,7.205307502153042,14.413134040619243,5.883229429632548,15.735212113139736,4.194680918644019,17.423760624128267,1.2660531704241222,20.352388372348162
2025-01-28,2025-02-04,2025-02-10,9.775648460526599,9.989196586147969,2025-02-04,6.171735191293498,13.379561729759699,4.849657118773004,14.701639802280193,3.1611086077844748,16.390188313268723,0.23248085956457842,19.31881606148862
2025-01-29,2025-02-05,2025-02-11,9.757583345094611,10.44051462970321,2025-02-05,6.153670075861511,13.361496614327711,4.831592003341017,14.683574686848205,3.1430434923524873,16.372123197836736,0.2144157441325909,19.30075094605663
2025-01-30,2025-02-06,2025-02-12,9.760500098617797,10.898181717514033,2025-02-06,6.156586829384697,13.364413367850897,4.834508756864203,14.686491440371391,3.1459602458756732,16.37503995135992,0.2173324976557769,19.30366769957982
2025-01-31,2025-02-07,2025-02-13,9.043605608917128,11.871836605725454,2025-02-07,5.4396923396840275,12.647518878150228,4.117614267163534,13.969596950670722,2.429065756175004,15.658145461659252,-0.4995619920448924,18.586773209879148
2025-02-01,2025-02-08,2025-02-14,8.505740198776856,11.687610420446202,2025-02-08,4.9018269295437555,12.109653468009956,3.5797488570232616,13.43173154053045,1.891200346034732,15.120280051518979,-1.0374274021851644,18.048907799738878
2025-02-02,2025-02-09,2025-02-15,7.879740123511556,8.810270344571407,2025-02-09,4.275826854278455,11.483653392744657,2.9537487817579615,12.80573146526515,1.2652002707694319,14.49427997625368,-1.6634274774504645,17.422907724473575
2025-02-03,2025-02-10,2025-02-16,7.535102805621981,8.998089092648254,2025-02-10,3.9311895363888807,11.139016074855082,2.6091114638683868,12.461094147375576,0.9205629528798571,14.149642658364105,-2.0080647953400392,17.078270406584
2025-02-04,2025-02-11,2025-02-17,8.190652165221376,9.317965283549395,2025-02-11,4.586738895988276,11.794565434454476,3.264660823467782,13.11664350697497,1.5761123124792524,14.805192017963499,-1.352515435740644,17.733819766183395
2025-02-05,2025-02-12,2025-02-18,8.157942683263743,9.682730246631854,2025-02-12,4.5540294140306425,11.761855952496843,3.2319513415101486,13.083934025017337,1.543402830521619,14.772482536005867,-1.3852249176982774,17.701110284225763
2025-02-06,2025-02-13,2025-02-19,7.839543267497917,8.805777573817238,2025-02-13,4.235629998264817,11.443456536731016,2.913551925744323,12.76553460925151,1.2250034147557933,14.45408312024004,-1.703624333464103,17.382710868459938
2025-02-07,2025-02-14,2025-02-20,9.563100805397584,8.915550777819623,2025-02-14,5.9591875361644835,13.167014074630684,4.63710946364399,14.489092147151178,2.94856095265546,16.17764065813971,0.019933204435563567,19.106268406359604
2025-02-08,2025-02-15,2025-02-21,9.249384643831593,8.750336198665861,2025-02-15,5.645471374598493,12.853297913064694,4.323393302077999,14.175375985585188,2.6348447910894697,15.863924496573716,-0.2937829571304267,18.79255224479361
2025-02-09,2025-02-16,2025-02-22,9.113388954490643,9.604698411735296,2025-02-16,5.509475685257543,12.717302223723744,4.187397612737049,14.039380296244238,2.4988491017485197,15.727928807232768,-0.42977864647137665,18.656556555452664
2025-02-10,2025-02-17,2025-02-23,8.11962090307428,9.095258697144386,2025-02-17,4.5157076338411795,11.72353417230738,3.1936295613206855,13.045612244827874,1.505081050332156,14.734160755816404,-1.4235466978877405,17.6627885040363
2025-02-11,2025-02-18,2025-02-24,8.626559825741177,9.14883986204561,2025-02-18,5.022646556508077,12.230473094974277,3.700568483987583,13.552551167494771,2.0120199729990533,15.241099678483302,-0.916607775220843,18.169727426703197
2025-02-12,2025-02-19,2025-02-25,8.033324808179751,8.750249814662395,2025-02-19,4.429411538946651,11.637238077412851,3.107333466426157,12.959316149933345,1.4187849554376273,14.647864660921876,-1.509842792782269,17.57649240914177
2025-02-13,2025-02-20,2025-02-26,7.733407699761416,9.152963152590038,2025-02-20,4.129494430528315,11.337320968994515,2.8074163580078215,12.659399041515009,1.1188678470192919,14.34794755250354,-1.8097599012006045,17.276575300723437
2025-02-14,2025-02-21,2025-02-27,7.732954351718346,7.7896743224499705,2025-02-21,4.129041082485246,11.336867620951447,2.8069630099647522,12.65894569347194,1.1184144989762226,14.347494204460471,-1.8102132492436738,17.276121952680366
2025-02-15,2025-02-22,2025-02-28,8.124403197744947,7.547332667934763,2025-02-22,4.5204899285118465,11.728316466978047,3.1984118559913526,13.05039453949854,1.509863345002823,14.73894305048707,-1.4187644032170734,17.66757079870697
2025-02-16,2025-02-23,2025-03-01,8.45241954358071,5.906155994284507,2025-02-23,4.84850627434761,12.05633281281381,3.526428201827116,13.378410885334304,1.8378796908385864,15.066959396322833,-1.09074805738131,17.995587144542732
2025-02-17,2025-02-24,2025-03-02,8.590712530262275,5.648802550397864,2025-02-24,4.986799261029175,12.194625799495375,3.664721188508681,13.516703872015869,1.9761726775201511,15.2052523830044,-0.9524550706997452,18.133880131224295
2025-02-18,2025-02-25,2025-03-03,8.62826695897128,5.230502768030407,2025-02-25,5.024353689738179,12.23218022820438,3.702275617217685,13.554258300724873,2.0137271062291555,15.242806811713404,-0.9149006419907408,18.1714345599333
2025-02-19,2025-02-26,2025-03-04,8.798728132537965,5.230502768030407,2025-02-26,5.194814863304865,12.402641401771065,3.872736790784371,13.72471947429156,2.1841882797958414,15.41326798528009,-0.744439468424055,18.341895733499985
2025-02-20,2025-02-27,2025-03-05,9.085291402724112,5.707677511051584,2025-02-27,5.481378133491011,12.689204671957212,4.1593000609705175,14.011282744477706,2.470751549981988,15.699831255466236,-0.4578761982379085,18.62845900368613
2025-02-21,2025-02-28,2025-03-06,9.024813137672599,6.131781519496658,2025-02-28,5.4208998684394984,12.628726406905699,4.0988217959190045,13.950804479426193,2.410273284930475,15.639352990414721,-0.5183544632894215,18.567980738634617
2025-02-22,2025-03-01,2025-03-07,8.525645369941959,6.638910604174589,2025-03-01,4.921732100708859,12.129558639175059,3.5996540281883647,13.451636711695553,1.911105517199835,15.140185222684082,-1.0175222310200613,18.068812970903977
2025-02-24,2025-03-03,2025-03-09,7.529840794532868,8.40816630355851,2025-03-03,3.925927525299768,11.133754063765968,2.603849452779274,12.455832136286462,0.9153009417907443,14.144380647274993,-2.013326806429152,17.073008395494888
2025-02-25,2025-03-04,2025-03-10,7.226386421684896,9.080214341872779,2025-03-04,3.6224731524517955,10.830299690917997,2.3003950799313015,12.15237776343849,0.6118465689427719,13.84092627442702,-2.3167811792771245,16.769554022646915
2025-02-26,2025-03-05,2025-03-11,7.04800670711764,8.67910496734532,2025-03-05,3.44409343788454,10.65191997635074,2.122015365364046,11.973998048871234,0.43346685437551624,13.662546559859763,-2.49516089384438,16.59117430807966
2025-02-27,2025-03-06,2025-03-12,7.239489591834698,8.944787088397579,2025-03-06,3.6355763226015982,10.843402861067798,2.3134982500811043,12.165480933588292,0.6249497390925747,13.854029444576822,-2.3036780091273217,16.78265719279672
2025-02-28,2025-03-07,2025-03-13,6.907268319677282,8.825707506544138,2025-03-07,3.303355050444182,10.511181588910382,1.981276977923688,11.833259661430876,0.2927284669351584,13.521808172419405,-2.635899281284738,16.4504359206393
2025-03-01,2025-03-08,2025-03-14,7.166287947892802,8.880513786033754,2025-03-08,3.562374678659702,10.770201217125901,2.240296606139208,12.092279289646395,0.5517480951506784,13.780827800634926,-2.376879653069218,16.709455548854823
2025-03-02,2025-03-09,2025-03-15,7.381025105330665,9.1473169936396,2025-03-09,3.777111836097565,10.984938374563765,2.455033763577071,12.307016447084258,0.7664852525885415,13.995564958072789,-2.162142495631355,16.924192706292686
2025-03-03,2025-03-10,2025-03-16,7.641448654523141,9.017581295691954,2025-03-10,4.037535385290041,11.245361923756242,2.715457312769547,12.567439996276736,1.0269088017810173,14.255988507265265,-1.901718946438879,17.18461625548516
2025-03-04,2025-03-11,2025-03-17,8.633182201794247,7.1733233273778065,2025-03-11,5.029268932561147,12.237095471027347,3.7071908600406527,13.55917354354784,2.018642349052123,15.247722054536371,-0.9099853991677733,18.176349802756267
2025-03-05,2025-03-12,2025-03-18,7.800159726369057,6.229000043371612,2025-03-12,4.196246457135957,11.404072995602156,2.874168384615463,12.72615106812265,1.1856198736269334,14.414699579111181,-1.743007874592963,17.343327327331078
2025-03-06,2025-03-13,2025-03-19,8.136778241315676,6.229000043371612,2025-03-13,4.532864972082576,11.740691510548777,3.2107868995620823,13.06276958306927,1.5222383885735526,14.751318094057801,-1.4063893596463437,17.679945842277696
2025-03-16,2025-03-23,2025-03-29,12.852836079535798,15.001875863327932,2025-03-23,9.248922810302698,16.4567493487689,7.926844737782204,17.778827421289392,6.238296226793675,19.46737593227792,3.309668478573778,22.39600368049782
2025-03-17,2025-03-24,2025-03-30,12.563395181671984,14.68656081423318,2025-03-24,8.959481912438884,16.167308450905082,7.63740383991839,17.48938652342558,5.94885532892986,19.17793503441411,3.020227580709964,22.106562782634004
2025-03-18,2025-03-25,2025-03-31,11.651457870542313,14.666126399829324,2025-03-25,8.047544601309212,15.255371139775413,6.7254665287887185,16.577449212295907,5.036918017800189,18.265997723284435,2.1082902695802925,21.19462547150433
2025-03-19,2025-03-26,2025-04-01,10.3600445904687,14.60859282294932,2025-03-26,6.7561313212356,13.9639578597018,5.434053248715106,15.286035932222294,3.745504737726576,16.974584443210823,0.8168769895066799,19.90321219143072
2025-03-20,2025-03-27,2025-04-02,10.195007618242432,14.676670114251893,2025-03-27,6.591094349009332,13.798920887475532,5.269016276488838,15.120998959996026,3.580467765500308,16.809547470984555,0.6518400172804117,19.73817521920445
2025-03-21,2025-03-28,2025-04-03,9.852839500378153,16.16003710437127,2025-03-28,6.248926231145052,13.456752769611253,4.9268481586245585,14.778830842131747,3.238299647636029,16.467379353120275,0.3096718994161325,19.396007101340174
2025-03-22,2025-03-29,2025-04-04,11.185913520170317,18.524467496883194,2025-03-29,7.582000250937217,14.789826789403417,6.259922178416723,16.11190486192391,4.571373667428193,17.80045337291244,1.6427459192082967,20.72908112113234
2025-03-23,2025-03-30,2025-04-05,11.458250414401027,18.22176203491684,2025-03-30,7.854337145167927,15.062163683634127,6.532259072647433,16.384241756154623,4.843710561658903,18.07279026714315,1.9150828134390068,21.001418015363047
2025-03-24,2025-03-31,2025-04-06,10.315846641454916,20.81182649541216,2025-03-31,6.711933372221816,13.919759910688017,5.389855299701322,15.24183798320851,3.7013067887127926,16.93038649419704,0.7726790404928963,19.859014242416936
2025-03-25,2025-04-01,2025-04-07,10.805057443179352,21.184070281106106,2025-04-01,7.201144173946252,14.408970712412453,5.879066101425758,15.731048784932947,4.190517590437229,17.419597295921477,1.2618898422173324,20.348225044141373
2025-03-26,2025-04-02,2025-04-08,10.8271809762892,22.568206064993465,2025-04-02,7.223267707056101,14.431094245522301,5.901189634535607,15.753172318042795,4.212641123547077,17.441720829031325,1.2840133753271807,20.37034857725122
2025-03-27,2025-04-03,2025-04-09,10.26987365558841,20.6527064722608,2025-04-03,6.6659603863553105,13.87378692482151,5.343882313834817,15.195864997342005,3.655333802846287,16.884413508330535,0.7267060546263906,19.81304125655043
2025-03-28,2025-04-04,2025-04-10,10.88515194568365,19.467256720276332,2025-04-04,7.281238676450549,14.48906521491675,5.959160603930055,15.811143287437243,4.270612092941525,17.499691798425772,1.341984344721629,20.428319546645668
2025-03-29,2025-04-05,2025-04-11,11.930399164236656,17.650717429774936,2025-04-05,8.326485895003556,15.534312433469756,7.004407822483062,16.856390505990248,5.315859311494532,18.54493901697878,2.3872315632746357,21.473566765198676
2025-04-12,2025-04-19,2025-04-25,13.412130217542702,5.68628239411927,2025-04-19,9.808216948309601,17.0160434867758,8.486138875789107,18.338121559296297,6.797590364800578,20.026670070284826,3.8689626165806814,22.95529781850472
2025-04-13,2025-04-20,2025-04-26,13.771753692395096,5.68628239411927,2025-04-20,10.167840423161996,17.3756669616282,8.845762350641502,18.69774503414869,7.1572138396529725,20.38629354513722,4.228586091433076,23.314921293357116
2025-04-14,2025-04-21,2025-04-27,13.993406230229285,5.68628239411927,2025-04-21,10.389492960996185,17.597319499462387,9.06741488847569,18.919397571982877,7.378866377487161,20.60794608297141,4.450238629267265,23.536573831191305
2025-04-15,2025-04-22,2025-04-28,13.366976973617042,6.01260447268897,2025-04-22,9.763063704383942,16.970890242850142,8.440985631863448,18.292968315370636,6.7524371208749185,19.981516826359165,3.823809372655022,22.910144574579064
2025-04-16,2025-04-23,2025-04-29,14.189556557082911,6.596473864271449,2025-04-23,10.58564328784981,17.793469826316013,9.263565215329317,19.115547898836503,7.575016704340787,20.804096409825036,4.646388956120891,23.73272415804493
2025-04-17,2025-04-24,2025-04-30,13.398537807596513,6.511572694081738,2025-04-24,9.794624538363413,17.002451076829615,8.47254646584292,18.324529149350106,6.78399795485439,20.013077660338638,3.8553702066344933,22.941705408558533
2025-04-18,2025-04-25,2025-05-01,10.063114189099187,7.154341656520009,2025-04-25,6.4592009198660865,13.667027458332287,5.1371228473455925,14.98910553085278,3.448574336357063,16.67765404184131,0.5199465881371665,19.606281790061207
2025-04-19,2025-04-26,2025-05-02,10.60522279380672,7.083189796825932,2025-04-26,7.001309524573619,14.20913606303982,5.679231452053125,15.531214135560313,3.9906829410645956,17.219762646548844,1.0620551928446993,20.14839039476874
2025-04-20,2025-04-27,2025-05-03,11.302017506433982,7.083189796825932,2025-04-27,7.698104237200882,14.905930775667082,6.376026164680388,16.228008848187578,4.687477653691858,17.916557359176107,1.758849905471962,20.845185107396002
2025-04-21,2025-04-28,2025-05-04,12.01715857457142,8.082438461688877,2025-04-28,8.41324530533832,15.62107184380452,7.091167232817826,16.943149916325012,5.402618721829296,18.631698427313545,2.4739909736094,21.56032617553344
2025-04-22,2025-04-29,2025-05-05,10.266082315517847,8.386465356468905,2025-04-29,6.662169046284747,13.869995584750948,5.340090973764253,15.192073657271441,3.6515424627757236,16.880622168259972,0.7229147145558272,19.809249916479867
2025-04-23,2025-04-30,2025-05-06,8.368028558447971,8.665722370310393,2025-04-30,4.764115289214871,11.971941827681071,3.442037216694377,13.294019900201565,1.7534887057058475,14.982568411190094,-1.1751390425140489,17.91119615940999
2025-04-29,2025-05-06,2025-05-12,8.304447732393688,7.658523704736253,2025-05-06,4.700534463160588,11.908361001626789,3.3784563906400944,13.230439074147283,1.6899078796515647,14.918987585135813,-1.2387198685683316,17.84761533335571
2025-04-30,2025-05-07,2025-05-13,8.198482023133499,7.658523704736253,2025-05-07,4.594568753900399,11.8023952923666,3.272490681379905,13.124473364887093,1.5839421703913752,14.813021875875624,-1.3446855778285212,17.74164962409552
2025-05-01,2025-05-08,2025-05-14,8.38890954963884,7.658523704736253,2025-05-08,4.784996280405739,11.99282281887194,3.462918207885245,13.314900891392433,1.7743696968967155,15.003449402380962,-1.1542580513231808,17.93207715060086
2025-05-09,2025-05-16,2025-05-22,9.224684762981767,5.933644988446666,2025-05-16,5.620771493748666,12.828598032214867,4.298693421228172,14.15067610473536,2.610144910239643,15.83922461572389,-0.31848283798025356,18.76785236394379
2025-05-10,2025-05-17,2025-05-23,9.456527896070513,5.829078717651134,2025-05-17,5.852614626837413,13.060441165303613,4.530536554316919,14.382519237824107,2.8419880433283895,16.071067748812638,-0.08663970489150685,18.999695497032533
2025-05-11,2025-05-18,2025-05-24,9.639912020949499,6.245045778188888,2025-05-18,6.035998751716399,13.243825290182599,4.713920679195905,14.565903362703093,3.025372168207375,16.25445187369162,0.09674441998747874,19.183079621911517
2025-05-12,2025-05-19,2025-05-25,9.508040010695822,5.445941856689814,2025-05-19,5.904126741462722,13.111953279928922,4.582048668942228,14.434031352449416,2.8935001579536985,16.122579863437945,-0.03512759026619783,19.051207611657844
2025-05-13,2025-05-20,2025-05-26,9.932368530379277,5.865640811653509,2025-05-20,6.328455261146177,13.536281799612377,5.006377188625683,14.858359872132871,3.317828677637153,16.5469083831214,0.3892009294172567,19.475536131341297
2025-05-14,2025-05-21,2025-05-27,10.115882589573785,5.341305869184531,2025-05-21,6.511969320340684,13.719795858806885,5.18989124782019,15.041873931327379,3.5013427368316608,16.73042244231591,0.5727149886117644,19.659050190535805
2025-05-15,2025-05-22,2025-05-28,9.799793105715615,5.626155645543011,2025-05-22,6.195879836482515,13.403706374948715,4.873801763962021,14.72578444746921,3.1852532529734914,16.414332958457738,0.256625504753595,19.342960706677637
2025-05-16,2025-05-23,2025-05-29,9.363208674764136,5.5433978256893734,2025-05-23,5.759295405531036,12.967121943997236,4.437217333010542,14.28920001651773,2.7486688220220126,15.977748527506261,-0.17995892619788378,18.906376275726156
2025-05-24,2025-05-31,2025-06-06,8.34504507857773,4.254153050346801,2025-05-31,4.74113180934463,11.94895834781083,3.419053736824136,13.271036420331324,1.7305052258356062,14.959584931319853,-1.1981225223842902,17.88821267953975
2025-05-25,2025-06-01,2025-06-07,8.07614289246219,4.030802378420549,2025-06-01,4.47222962322909,11.68005616169529,3.150151550708596,13.002134234215784,1.4616030397200666,14.690682745204313,-1.4670247084998298,17.61931049342421
2025-05-26,2025-06-02,2025-06-08,7.5709680344570245,4.030802378420549,2025-06-02,3.9670547652239243,11.174881303690125,2.6449766927034304,12.496959376210619,0.9564281817149007,14.185507887199147,-1.9721995665049956,17.114135635419046
2025-05-27,2025-06-03,2025-06-09,7.523699804945435,4.266093209757623,2025-06-03,3.919786535712335,11.127613074178536,2.5977084631918412,12.44969114669903,0.9091599522033116,14.13823965768756,-2.0194677960165848,17.066867405907455
2025-06-22,2025-06-29,2025-07-05,7.760918482319382,6.469763713753963,2025-06-29,4.157005213086282,11.364831751552483,2.834927140565788,12.686909824072977,1.1463786295772582,14.375458335061506,-1.7822491186426381,17.3040860832814
2025-06-23,2025-06-30,2025-07-06,7.676529689892325,6.469763713753963,2025-06-30,4.072616420659225,11.280442959125425,2.750538348138731,12.602521031645919,1.0619898371502012,14.29106954263445,-1.8666379110696951,17.219697290854345
2025-06-24,2025-07-01,2025-07-07,7.871520325459659,6.605628881144474,2025-07-01,4.2676070562265584,11.47543359469276,2.9455289837060645,12.797511667213254,1.2569804727175349,14.486060178201782,-1.6716472755023615,17.414687926421678
2025-06-25,2025-07-02,2025-07-08,7.6045410949879315,5.87261857006761,2025-07-02,4.000627825754831,11.208454364221032,2.6785497532343374,12.530532436741526,0.9900012422458078,14.219080947730056,-1.9386265059740886,17.14770869594995
2025-06-26,2025-07-03,2025-07-09,7.44011456824031,6.576254989506272,2025-07-03,3.83620129900721,11.044027837473411,2.514123226486716,12.366105909993905,0.8255747154981865,14.054654420982434,-2.10305303272171,16.98328216920233
2025-06-27,2025-07-04,2025-07-10,7.042410500951599,6.316872284994355,2025-07-04,3.4384972317184985,10.646323770184699,2.1164191591980046,11.968401842705193,0.42787064820947496,13.656950353693723,-2.5007571000104214,16.58557810191362
2025-06-28,2025-07-05,2025-07-11,6.806632876080547,6.72447281088874,2025-07-05,3.202719606847447,10.410546145313647,1.8806415343269531,11.732624217834141,0.19209302333842349,13.421172728822672,-2.736534724881473,16.349800477042567
2025-06-29,2025-07-06,2025-07-12,6.41332062181529,6.350300619504115,2025-07-06,2.8094073525821894,10.01723389104839,1.4873292800616955,11.339311963568884,-0.20121923092683414,13.027860474557414,-3.1298469791467305,15.95648822277731
2025-06-30,2025-07-07,2025-07-13,6.283044747755179,6.350300619504115,2025-07-07,2.679131478522079,9.88695801698828,1.3570534060015849,11.209036089508773,-0.3314951049869448,12.897584600497304,-3.260122853206841,15.826212348717199
2025-07-01,2025-07-08,2025-07-14,6.46908869571513,6.150603386703514,2025-07-08,2.86517542648203,10.07300196494823,1.543097353961536,11.395080037468723,-0.14545115702699363,13.083628548457254,-3.07407890524689,16.01225629667715
2025-07-02,2025-07-09,2025-07-15,6.6775955993987415,7.322061547920095,2025-07-09,3.0736823301656413,10.281508868631843,1.7516042576451474,11.603586941152336,0.06305574665661773,13.292135452140865,-2.8655720015632786,16.22076320036076
2025-07-08,2025-07-15,2025-07-21,6.912943583504131,8.006964063175655,2025-07-15,3.3090303142710304,10.51685685273723,1.9869522417505365,11.838934925257725,0.2984037307620069,13.527483436246253,-2.6302240174578895,16.456111184466153
2025-07-09,2025-07-16,2025-07-22,7.334683292870771,6.356836943542167,2025-07-16,3.730770023637671,10.938596562103871,2.408691951117177,12.260674634624365,0.7201434401286475,13.949223145612894,-2.208484308091249,16.877850893832793
2025-07-10,2025-07-17,2025-07-23,8.577341471449605,6.356836943542167,2025-07-17,4.973428202216505,12.181254740682705,3.651350129696011,13.5033328132032,1.9628016187074815,15.19188132419173,-0.9658261295124149,18.120509072411625
2025-07-11,2025-07-18,2025-07-24,8.811786387211086,6.959593000410754,2025-07-18,5.207873117977986,12.415699656444186,3.885795045457492,13.73777772896468,2.1972465344689622,15.426326239953209,-0.7313812137509341,18.354953988173108
2025-07-12,2025-07-19,2025-07-25,8.792546575627709,7.175221801393531,2025-07-19,5.188633306394609,12.396459844860809,3.8665552338741147,13.718537917381303,2.178006722885585,15.407086428369833,-0.7506210253343113,18.33571417658973
2025-07-13,2025-07-20,2025-07-26,8.701524092151466,5.556857324908557,2025-07-20,5.097610822918366,12.305437361384566,3.775532750397872,13.62751543390506,2.0869842394093423,15.316063944893589,-0.841643508810554,18.244691693113488
2025-07-14,2025-07-21,2025-07-27,8.446849425611838,5.556857324908557,2025-07-21,4.842936156378737,12.050762694844938,3.5208580838582435,13.372840767365432,1.8323095728697139,15.06138927835396,-1.0963181753501825,17.99001702657386
2025-07-15,2025-07-22,2025-07-28,8.350488577385596,5.8471064598956985,2025-07-22,4.7465753081524955,11.954401846618696,3.4244972356320016,13.27647991913919,1.735948724643472,14.96502843012772,-1.1926790235764244,17.893656178347616
2025-07-17,2025-07-24,2025-07-30,6.874624541640578,6.071496427088181,2025-07-24,3.2707112724074774,10.478537810873679,1.9486331998869835,11.800615883394173,0.2600846888984538,13.489164394382701,-2.6685430593214425,16.417792142602597
2025-07-18,2025-07-25,2025-07-31,7.19502025646333,6.168141490038687,2025-07-25,3.59110698723023,10.79893352569643,2.269028914709736,12.121011598216924,0.5804804037212064,13.809560109205453,-2.34814734449869,16.738187857425352
2025-07-19,2025-07-26,2025-08-01,7.527994237329704,6.168141490038687,2025-07-26,3.924080968096604,11.131907506562804,2.60200289557611,12.453985579083298,0.9134543845875802,14.142534090071827,-2.015173363632316,17.071161838291722
2025-07-21,2025-07-28,2025-08-03,7.33757599572405,7.362327026419031,2025-07-28,3.73366272649095,10.94148926495715,2.411584653970456,12.263567337477644,0.7230361429819263,13.952115848466175,-2.20559160523797,16.88074359668607
2025-07-22,2025-07-29,2025-08-04,7.01577439332281,5.675132359715447,2025-07-29,3.41186112408971,10.619687662555911,2.089783051569216,11.941765735076405,0.4012345405806865,13.630314246064934,-2.52739320763921,16.55894199428483
2025-07-23,2025-07-30,2025-08-05,6.846447426357932,7.384958869498166,2025-07-30,3.2425341571248314,10.450360695591032,1.9204560846043375,11.772438768111526,0.23190757361580783,13.460987279100056,-2.6967201746040885,16.38961502731995
2025-07-24,2025-07-31,2025-08-06,6.586119441482382,8.402051922398668,2025-07-31,2.982206172249282,10.190032710715482,1.6601280997287882,11.512110783235975,-0.028420411259741485,13.200659294224506,-2.957048159479638,16.129287042444403
2025-07-25,2025-08-01,2025-08-07,7.31758055229658,6.99921238282141,2025-08-01,3.7136672830634803,10.92149382152968,2.3915892105429863,12.243571894050174,0.7030406995544567,13.932120405038704,-2.2255870486654397,16.8607481532586
2025-07-26,2025-08-02,2025-08-08,7.550485598781331,6.018629538122907,2025-08-02,3.946572329548231,11.154398868014432,2.624494257027737,12.476476940534926,0.9359457460392075,14.165025451523455,-1.9926820021806888,17.09365319974335
2025-07-27,2025-08-03,2025-08-09,7.749910335242655,6.480445156111645,2025-08-03,4.145997066009555,11.353823604475755,2.8239189934890607,12.675901676996249,1.135370482500531,14.36445018798478,-1.7932572657193653,17.293077936204675
2025-07-28,2025-08-04,2025-08-10,7.3550147008160165,6.195698425527855,2025-08-04,3.7511014315829163,10.958927970049118,2.4290233590624224,12.281006042569611,0.7404748480738927,13.96955455355814,-2.1881529001460036,16.898182301778036
2025-07-29,2025-08-05,2025-08-11,6.973204299222514,7.6818156192011315,2025-08-05,3.369291029989414,10.577117568455614,2.04721295746892,11.899195640976108,0.35866444648039053,13.587744151964639,-2.569963301739506,16.516371900184534
2025-07-30,2025-08-06,2025-08-12,7.678767458003905,5.5879978341114835,2025-08-06,4.0748541887708045,11.282680727237004,2.7527761162503106,12.604758799757498,1.064227605261781,14.293307310746028,-1.8644001429581154,17.221935058965926
2025-07-31,2025-08-07,2025-08-13,7.648905604555753,4.9935773233001015,2025-08-07,4.044992335322653,11.252818873788854,2.722914262802159,12.574896946309348,1.0343657518136293,14.263445457297877,-1.894261996406267,17.192073205517772
2025-08-01,2025-08-08,2025-08-14,7.720856028255326,5.163124923684503,2025-08-08,4.116942759022225,11.324769297488427,2.7948646865017315,12.64684737000892,1.1063161755132018,14.33539588099745,-1.8223115727066945,17.264023629217345
2025-08-02,2025-08-09,2025-08-15,7.991391963371087,6.031891063496086,2025-08-09,4.387478694137987,11.595305232604186,3.065400621617493,12.91738330512468,1.3768521106289633,14.60593181611321,-1.551775637590933,17.534559564333108
2025-08-03,2025-08-10,2025-08-16,7.687091819433115,5.342483017856274,2025-08-10,4.083178550200015,11.291005088666214,2.7611004776795207,12.613083161186708,1.072551966690991,14.301631672175239,-1.8560757815289053,17.230259420395136
2025-08-04,2025-08-11,2025-08-17,7.478916392508508,5.342483017856274,2025-08-11,3.875003123275408,11.08282966174161,2.552925050754914,12.404907734262103,0.8643765397663845,14.093456245250632,-2.064251208453512,17.022083993470527
2025-08-15,2025-08-22,2025-08-28,6.311045232664956,8.856208864676537,2025-08-22,2.7071319634318556,9.914958501898056,1.3850538909113617,11.23703657441855,-0.303494620077168,12.925585085407079,-3.2321223682970643,15.854212833626976
2025-08-17,2025-08-24,2025-08-30,7.380128854231424,10.118116540224527,2025-08-24,3.776215584998324,10.984042123464524,2.45413751247783,12.306120195985018,0.7655890014893005,13.994668706973549,-2.163038746730596,16.923296455193444
2025-08-18,2025-08-25,2025-08-31,8.27063496076633,9.345348470168018,2025-08-25,4.66672169153323,11.87454822999943,3.3446436190127358,13.196626302519924,1.6560951080242061,14.885174813508453,-1.2725326401956902,17.81380256172835
2025-08-19,2025-08-26,2025-09-01,8.396196538595053,9.885802791738225,2025-08-26,4.792283269361953,12.000109807828153,3.4702051968414587,13.322187880348647,1.781656685852929,15.010736391337176,-1.1469710623669673,17.93936413955707
2025-08-20,2025-08-27,2025-09-02,7.9418572461595796,10.29731203358175,2025-08-27,4.337943976926479,11.545770515392679,3.0158659044059855,12.867848587913173,1.3273173934174558,14.556397098901703,-1.6013103548024405,17.4850248471216
2025-08-21,2025-08-28,2025-09-03,7.485482048753116,10.273054315458428,2025-08-28,3.881568779520016,11.089395317986217,2.5594907069995223,12.41147339050671,0.8709421960109927,14.10002190149524,-2.0576855522089037,17.028649649715135
2025-08-22,2025-08-29,2025-09-04,8.745690934250613,9.346791892342724,2025-08-29,5.141777665017512,12.349604203483713,3.8196995924970185,13.671682276004207,2.131151081508489,15.360230786992737,-0.7974766667114075,18.288858535212633
2025-08-23,2025-08-30,2025-09-05,8.960656645683708,9.043152419464644,2025-08-30,5.356743376450607,12.564569914916808,4.0346653039301135,13.886647987437302,2.346116792941584,15.575196498425832,-0.5825109552783125,18.503824246645728
2025-08-24,2025-08-31,2025-09-06,10.446303507345776,9.00795979168818,2025-08-31,6.842390238112676,14.050216776578877,5.520312165592182,15.37229484909937,3.8317636546036526,17.0608433600879,0.9031359063837563,19.989471108307796
2025-08-25,2025-09-01,2025-09-07,11.069805488309571,9.696380692124727,2025-09-01,7.465892219076471,14.673718757542671,6.143814146555977,15.995796830063165,4.455265635567447,17.684345341051696,1.526637887347551,20.61297308927159
2025-08-27,2025-09-03,2025-09-09,9.533867872877964,9.239160624465258,2025-09-03,5.929954603644864,13.137781142111065,4.60787653112437,14.459859214631559,2.9193280201358407,16.14840772562009,-0.009299728084055658,19.077035473839985
2025-08-28,2025-09-04,2025-09-10,10.361168249378698,7.34443144843307,2025-09-04,6.757254980145598,13.965081518611798,5.435176907625104,15.287159591132292,3.7466283966365745,16.975708102120823,0.8180006484166782,19.90433585034072
2025-08-29,2025-09-05,2025-09-11,11.10513062287842,9.693901358805565,2025-09-05,7.50121735364532,14.70904389211152,6.179139281124826,16.031121964632014,4.490590770136296,17.719670475620543,1.5619630219163998,20.648298223840442
2025-08-30,2025-09-06,2025-09-12,11.322760907020427,9.630145610536406,2025-09-06,7.718847637787327,14.926674176253528,6.396769565266833,16.24875224877402,4.708221054278304,17.93730075976255,1.7795933060584073,20.865928507982446
2025-08-31,2025-09-07,2025-09-13,11.272911951993812,9.630145610536406,2025-09-07,7.668998682760712,14.876825221226913,6.346920610240218,16.198903293747406,4.658372099251689,17.887451804735935,1.7297443510317922,20.816079552955834
2025-09-01,2025-09-08,2025-09-14,10.019145648059425,9.172091852532924,2025-09-08,6.415232378826325,13.623058917292525,5.093154306305831,14.945136989813019,3.404605795317301,16.633685500801548,0.47597804709740466,19.562313249021443
2025-09-02,2025-09-09,2025-09-15,9.389551204648868,11.814855048106551,2025-09-09,5.785637935415767,12.993464473881968,4.4635598628952735,14.315542546402462,2.775011351906744,16.00409105739099,-0.1536163963131525,18.93271880561089
2025-09-03,2025-09-10,2025-09-16,9.490343244895325,12.025987231937586,2025-09-10,5.8864299756622245,13.094256514128425,4.564351903141731,14.416334586648919,2.875803392153201,16.104883097637448,-0.052824356066695444,19.033510845857343
2025-09-04,2025-09-11,2025-09-17,9.2157215725481,14.223186714229415,2025-09-11,5.611808303315,12.8196348417812,4.289730230794506,14.141712914301694,2.601181719805976,15.830261425290225,-0.32744602841392023,18.75888917351012
2025-09-15,2025-09-22,2025-09-28,10.483577124881332,9.899593746011288,2025-09-22,6.879663855648232,14.087490394114432,5.557585783127738,15.409568466634926,3.8690372721392086,17.098116977623455,0.9404095239193122,20.02674472584335
2025-09-16,2025-09-23,2025-09-29,10.366090375538327,9.899593746011288,2025-09-23,6.762177106305227,13.970003644771428,5.440099033784733,15.292081717291921,3.7515505227962036,16.98063022828045,0.8229227745763072,19.90925797650035
2025-09-17,2025-09-24,2025-09-30,11.080065635607683,9.433210163507034,2025-09-24,7.476152366374583,14.683978904840783,6.154074293854089,16.006056977361276,4.4655257828655595,17.694605488349808,1.536898034645663,20.623233236569703
2025-09-18,2025-09-25,2025-10-01,11.507685333218399,9.133324007587888,2025-09-25,7.903772063985299,15.1115986024515,6.581693991464805,16.43367667497199,4.893145480476275,18.122225185960524,1.964517732256379,21.05085293418042
2025-09-19,2025-09-26,2025-10-02,11.700351145193824,9.048447227180661,2025-09-26,8.096437875960724,15.304264414426925,6.77435980344023,16.62634248694742,5.085811292451701,18.314890997935947,2.1571835442318044,21.243518746155843
2025-09-20,2025-09-27,2025-10-03,12.522802395959994,7.233780225335899,2025-09-27,8.918889126726894,16.126715665193096,7.5968110542064,17.448793737713586,5.90826254321787,19.13734224870212,2.979634794997974,22.065969996922014
2025-09-21,2025-09-28,2025-10-04,12.103066572557767,8.066276898357886,2025-09-28,8.499153303324666,15.706979841790867,7.1770752308041725,17.02905791431136,5.488526719815643,18.71760642529989,2.5598989715957465,21.646234173519787
2025-09-22,2025-09-29,2025-10-05,11.873086743343862,13.325044000202457,2025-09-29,8.269173474110762,15.477000012576962,6.947095401590268,16.799078085097456,5.258546890601738,18.487626596085985,2.3299191423818417,21.416254344305884
2025-09-23,2025-09-30,2025-10-06,12.569128827996572,12.340015198520717,2025-09-30,8.965215558763472,16.173042097229672,7.643137486242978,17.495120169750166,5.954588975254448,19.183668680738695,3.0259612270345517,22.112296428958594
2025-09-24,2025-10-01,2025-10-07,13.16987391643244,11.092949509200443,2025-10-01,9.56596064719934,16.77378718566554,8.243882574678846,18.095865258186034,6.555334063690316,19.784413769174563,3.62670631547042,22.71304151739446
2025-09-25,2025-10-02,2025-10-08,12.67665346255424,15.069654675853764,2025-10-02,9.07274019332114,16.28056673178734,7.750662120800646,17.602644804307836,6.062113609812116,19.291193315296365,3.13348586159222,22.21982106351626
2025-09-26,2025-10-03,2025-10-09,12.924434493945286,16.35877294599561,2025-10-03,9.320521224712186,16.528347763178388,7.998443152191692,17.85042583569888,6.3098946412031625,19.53897434668741,3.381266892983266,22.467602094907306
2025-09-27,2025-10-04,2025-10-10,14.746759241334852,19.4316394260213,2025-10-04,11.142845972101751,18.350672510567954,9.820767899581258,19.672750583088444,8.132219388592727,21.361299094076976,5.2035916403728315,24.28992684229687
2025-09-28,2025-10-05,2025-10-11,12.11149872336307,19.4316394260213,2025-10-05,8.50758545412997,15.71541199259617,7.185507381609476,17.037490065116664,5.496958870620946,18.726038576105193,2.56833112240105,21.654666324325092
2025-09-29,2025-10-06,2025-10-12,12.664222034070622,13.709247756557517,2025-10-06,9.060308764837522,16.268135303303723,7.738230692317028,17.590213375824217,6.049682181328499,19.278761886812745,3.1210544331086023,22.20738963503264
2025-09-30,2025-10-07,2025-10-13,11.409595496474749,16.193990059908735,2025-10-07,7.805682227241649,15.013508765707849,6.483604154721155,16.335586838228345,4.795055643732625,18.024135349216873,1.8664278955127287,20.95276309743677
2025-10-04,2025-10-11,2025-10-17,13.256125702129168,14.412400266811085,2025-10-11,9.652212432896068,16.86003897136227,8.330134360375574,18.182117043882762,6.641585849387044,19.87066555487129,3.712958101167148,22.79929330309119
2025-10-05,2025-10-12,2025-10-18,12.279978511873768,14.412400266811085,2025-10-12,8.676065242640668,15.883891781106868,7.353987170120174,17.205969853627362,5.665438659131644,18.89451836461589,2.736810910911748,21.823146112835786
2025-10-06,2025-10-13,2025-10-19,11.478062161103992,16.13690384917217,2025-10-13,7.874148891870892,15.081975430337092,6.552070819350398,16.404053502857586,4.863522308361868,18.092602013846115,1.9348945601419718,21.021229762066014
2025-10-18,2025-10-25,2025-10-31,17.059779407570993,15.442753421280187,2025-10-25,13.455866138337893,20.663692676804093,12.133788065817399,21.985770749324587,10.44523955482887,23.674319260313116,7.516611806608973,26.602947008533015
2025-10-19,2025-10-26,2025-11-01,18.00746229306625,15.442753421280187,2025-10-26,14.40354902383315,21.61137556229935,13.081470951312657,22.933453634819845,11.392922440324128,24.622002145808374,8.46429469210423,27.55062989402827
2025-10-20,2025-10-27,2025-11-02,14.162059874434783,15.968615967155326,2025-10-27,10.558146605201683,17.765973143667885,9.23606853268119,19.088051216188376,7.54752002169266,20.776599727176908,4.618892273472763,23.705227475396804
2025-10-21,2025-10-28,2025-11-03,12.742427282819794,15.968615967155326,2025-10-28,9.138514013586693,16.346340552052894,7.816435941066199,17.668418624573388,6.12788743007767,19.356967135561916,3.1992596818577734,22.285594883781812
2025-10-22,2025-10-29,2025-11-04,12.697191931767943,14.411814777574783,2025-10-29,9.093278662534843,16.301105201001043,7.771200590014349,17.623183273521537,6.082652079025819,19.311731784510066,3.154024330805923,22.24035953272996
2025-10-23,2025-10-30,2025-11-05,13.051898663422458,13.059165154161532,2025-10-30,9.447985394189358,16.65581193265556,8.125907321668864,17.97789000517605,6.437358810680334,19.666438516164582,3.5087310624604378,22.595066264384478
2025-10-24,2025-10-31,2025-11-06,13.958304362538678,16.43401297636751,2025-10-31,10.354391093305578,17.56221763177178,9.032313020785084,18.88429570429227,7.3437645097965545,20.572844215280803,4.415136761576658,23.5014719635007
2025-10-25,2025-11-01,2025-11-07,13.655518348693082,16.28229318841236,2025-11-01,10.051605079459982,17.259431617926182,8.729527006939488,18.581509690446676,7.0409784959509585,20.270058201435205,4.112350747731062,23.1986859496551
2025-10-26,2025-11-02,2025-11-08,13.310365503415573,15.832555869677282,2025-11-02,9.706452234182473,16.91427877264867,8.38437416166198,18.23635684516917,6.6958256506734495,19.924905356157698,3.767197902453553,22.853533104377593
2025-10-27,2025-11-03,2025-11-09,11.231774967993402,15.272678299432629,2025-11-03,7.627861698760302,14.835688237226503,6.305783626239808,16.157766309746997,4.617235115251279,17.846314820735525,1.6886073670313824,20.774942568955424
2025-10-28,2025-11-04,2025-11-10,11.431412123598324,15.272678299432629,2025-11-04,7.827498854365224,15.035325392831425,6.50542078184473,16.35740346535192,4.816872270856201,18.045951976340447,1.8882445226363043,20.974579724560343
2025-10-29,2025-11-05,2025-11-11,10.907943130183554,15.73735634123579,2025-11-05,7.304029860950454,14.511856399416654,5.98195178842996,15.833934471937148,4.29340327744143,17.522482982925677,1.364775529221534,20.451110731145576
2025-10-30,2025-11-06,2025-11-12,12.576730927789464,15.80187012251935,2025-11-06,8.972817658556364,16.180644197022566,7.65073958603587,17.502722269543057,5.962191075047341,19.19127078053159,3.0335633268274442,22.119898528751484
2025-10-31,2025-11-07,2025-11-13,11.95264038007339,15.760107346578668,2025-11-07,8.34872711084029,15.55655364930649,7.026649038319796,16.878631721826984,5.3381005273312665,18.567180232815513,2.40947277911137,21.495807981035412
2025-11-01,2025-11-08,2025-11-14,11.512440668303073,16.742525621040386,2025-11-08,7.908527399069973,15.116353937536173,6.586449326549479,16.438432010056665,4.897900815560949,18.126980521045198,1.969273067341053,21.055608269265093
2025-11-02,2025-11-09,2025-11-15,10.596302593281553,16.352904443592248,2025-11-09,6.992389324048453,14.200215862514654,5.670311251527959,15.522293935035147,3.9817627405394296,17.210842446023676,1.0531349923195332,20.13947019424357
2025-11-03,2025-11-10,2025-11-16,10.567462055213323,16.352904443592248,2025-11-10,6.9635487859802225,14.171375324446423,5.641470713459729,15.493453396966917,3.952922202471199,17.182001907955446,1.0242944542513026,20.11062965617534
2025-11-04,2025-11-11,2025-11-17,11.46957905016999,15.933048762921374,2025-11-11,7.86566578093689,15.07349231940309,6.543587708416396,16.395570391923584,4.855039197427867,18.084118902912113,1.9264114492079703,21.012746651132012
2025-11-05,2025-11-12,2025-11-18,12.276095318235512,15.517293826539607,2025-11-12,8.672182049002412,15.880008587468613,7.350103976481918,17.202086659989106,5.661555465493389,18.890635170977635,2.7329277172734923,21.819262919197534
2025-11-06,2025-11-13,2025-11-19,12.025139540952079,14.904072073705112,2025-11-13,8.421226271718979,15.62905281018518,7.099148199198485,16.951130882705673,5.410599688209955,18.639679393694202,2.481971939990059,21.568307141914097
2025-11-07,2025-11-14,2025-11-20,13.024499381700702,12.611253931453316,2025-11-14,9.420586112467602,16.628412650933804,8.098508039947108,17.950490723454294,6.409959528958578,19.639039234442826,3.4813317807386817,22.567666982662722
2025-11-08,2025-11-15,2025-11-21,12.730623836986492,13.103128220457382,2025-11-15,9.126710567753392,16.334537106219592,7.804632495232898,17.656615178740086,6.116083984244368,19.345163689728615,3.187456236024472,22.27379143794851
2025-11-09,2025-11-16,2025-11-22,13.852963824126414,13.260129804335625,2025-11-16,10.249050554893314,17.456877093359516,8.92697248237282,18.778955165880006,7.23842397138429,20.46750367686854,4.309796223164394,23.396131425088434
2025-11-10,2025-11-17,2025-11-23,13.873595000707974,12.158839806027407,2025-11-17,10.269681731474874,17.477508269941076,8.94760365895438,18.799586342461566,7.25905514796585,20.4881348534501,4.330427399745954,23.416762601669994
2025-11-11,2025-11-18,2025-11-24,13.693506348138397,11.635143247474787,2025-11-18,10.089593078905297,17.297419617371496,8.767515006384803,18.619497689891993,7.078966495396274,20.308046200880522,4.150338747176377,23.236673949100418
2025-11-12,2025-11-19,2025-11-25,13.682928936363094,11.635143247474787,2025-11-19,10.079015667129994,17.286842205596194,8.7569375946095,18.60892027811669,7.06838908362097,20.297468789105217,4.139761335401074,23.226096537325112
2025-11-13,2025-11-20,2025-11-26,12.944652815986196,10.138292988459728,2025-11-20,9.340739546753095,16.548566085219296,8.018661474232601,17.87064415773979,6.330112963244072,19.55919266872832,3.4014852150241754,22.487820416948217
2025-11-14,2025-11-21,2025-11-27,14.630675075724337,9.88521549317716,2025-11-21,11.026761806491237,18.234588344957437,9.704683733970743,19.55666641747793,8.016135222982214,21.24521492846646,5.087507474762317,24.173842676686355
2025-11-18,2025-11-25,2025-12-01,14.295431637480467,16.559267294779474,2025-11-25,10.691518368247367,17.899344906713566,9.369440295726873,19.221422979234063,7.6808917847383436,20.909971490222592,4.752264036518447,23.838599238442487
2025-11-19,2025-11-26,2025-12-02,14.877452274110679,17.323265473120948,2025-11-26,11.273539004877579,18.481365543343777,9.951460932357085,19.803443615864275,8.262912421368554,21.491992126852804,5.334284673148659,24.4206198750727
2025-11-20,2025-11-27,2025-12-03,16.67653879746955,18.669292741681023,2025-11-27,13.07262552823645,20.28045206670265,11.750547455715957,21.602530139223145,10.061998944727428,23.291078650211674,7.133371196507531,26.21970639843157
2025-11-21,2025-11-28,2025-12-04,15.96414953126194,20.931383007708956,2025-11-28,12.36023626202884,19.568062800495042,11.038158189508346,20.890140873015532,9.349609678519816,22.578689384004065,6.42098193029992,25.50731713222396
2025-11-22,2025-11-29,2025-12-05,15.826647976105427,20.931383007708956,2025-11-29,12.222734706872327,19.430561245338527,10.900656634351833,20.75263931785902,9.212108123363304,22.44118782884755,6.283480375143407,25.36981557706745
2025-11-23,2025-11-30,2025-12-06,15.63519602543169,20.10389319408976,2025-11-30,12.03128275619859,19.23910929466479,10.709204683678095,20.561187367185283,9.020656172689566,22.249735878173812,6.092028424469669,25.17836362639371
2025-11-24,2025-12-01,2025-12-07,15.911600524842235,20.431826511755666,2025-12-01,12.307687255609135,19.515513794075336,10.985609183088641,20.83759186659583,9.297060672100113,22.52614037758436,6.368432923880215,25.454768125804257
2025-11-25,2025-12-02,2025-12-08,15.440728363437952,17.374133676290345,2025-12-02,11.836815094204852,19.044641632671052,10.514737021684358,20.366719705191546,8.826188510695829,22.055268216180075,5.897560762475932,24.98389596439997
2025-11-26,2025-12-03,2025-12-09,15.71898155861689,16.622852548741218,2025-12-03,12.11506828938379,19.322894827849993,10.792990216863297,20.644972900370483,9.104441705874766,22.333521411359015,6.175813957654871,25.26214915957891
2025-11-27,2025-12-04,2025-12-10,14.633555170197297,16.82345745611869,2025-12-04,11.029641900964197,18.237468439430398,9.707563828443703,19.55954651195089,8.019015317455175,21.24809502293942,5.090387569235277,24.17672277115932
2025-11-29,2025-12-06,2025-12-12,11.184492301373211,14.774369412884344,2025-12-06,7.580579032140111,14.788405570606312,6.258500959619617,16.110483643126805,4.569952448631088,17.799032154115334,1.6413247004111913,20.727659902335233
2025-11-30,2025-12-07,2025-12-13,12.021606065682834,13.371534864171931,2025-12-07,8.417692796449733,15.625519334915934,7.0956147239292395,16.947597407436426,5.40706621294071,18.63614591842496,2.4784384647208135,21.564773666644854
2025-12-01,2025-12-08,2025-12-14,17.0150321228829,14.912809893831815,2025-12-08,13.4111188536498,20.618945392116,12.089040781129306,21.941023464636494,10.400492270140777,23.629571975625023,7.47186452192088,26.558199723844922
2025-12-02,2025-12-09,2025-12-15,18.714887564670885,14.69905696414212,2025-12-09,15.110974295437785,22.318800833903985,13.788896222917291,23.64087890642448,12.100347711928762,25.329427417413008,9.171719963708865,28.258055165632904
2025-12-03,2025-12-10,2025-12-16,19.339128248834943,14.69905696414212,2025-12-10,15.735214979601842,22.943041518068043,14.413136907081348,24.265119590588537,12.72458839609282,25.953668101577065,9.795960647872922,28.88229584979696
2025-12-04,2025-12-11,2025-12-17,18.702841236042417,17.55978671342574,2025-12-11,15.098927966809317,22.306754505275517,13.776849894288823,23.62883257779601,12.088301383300294,25.31738108878454,9.159673635080397,28.24600883700444
2025-12-05,2025-12-12,2025-12-18,17.826910458762367,17.55978671342574,2025-12-12,14.222997189529266,21.430823727995467,12.900919117008772,22.75290180051596,11.212370606020244,24.44145031150449,8.283742857800346,27.370078059724385
2025-12-13,2025-12-20,2025-12-26,15.414991037683231,15.305170228792358,2025-12-20,11.811077768450131,19.018904306916333,10.488999695929637,20.340982379436824,8.800451184941107,22.029530890425356,5.871823436721211,24.95815863864525
2025-12-14,2025-12-21,2025-12-27,16.404601178392163,15.098893620610994,2025-12-21,12.800687909159063,20.008514447625263,11.478609836638569,21.330592520145757,9.79006132565004,23.019141031134286,6.861433577430143,25.947768779354185
2025-12-15,2025-12-22,2025-12-28,15.895966406257946,14.254938056096927,2025-12-22,12.292053137024846,19.499879675491044,10.969975064504352,20.821957748011542,9.281426553515821,22.51050625900007,6.352798805295926,25.439134007219966
2025-12-16,2025-12-23,2025-12-29,16.646589663792785,14.619002473746235,2025-12-23,13.042676394559685,20.250502933025885,11.72059832203919,21.57258100554638,10.032049811050662,23.261129516534908,7.103422062830765,26.189757264754803
2025-12-17,2025-12-24,2025-12-30,16.508955996849807,13.636065677556969,2025-12-24,12.905042727616706,20.112869266082907,11.582964655096212,21.4349473386034,9.894416144107684,23.12349584959193,6.965788395887786,26.05212359781183
2025-12-18,2025-12-25,2025-12-31,16.067158070746355,10.895516167682453,2025-12-25,12.463244801513255,19.671071339979456,11.141166728992761,20.99314941249995,9.452618218004233,22.68169792348848,6.523990469784335,25.610325671708374
2025-12-19,2025-12-26,2026-01-01,15.828673724583712,10.895516167682453,2025-12-26,12.224760455350612,19.432586993816813,10.902682382830118,20.754665066337306,9.21413387184159,22.443213577325835,6.285506123621692,25.37184132554573
2025-12-20,2025-12-27,2026-01-02,15.302490139064405,11.286348118591283,2025-12-27,11.698576869831305,18.906403408297507,10.376498797310811,20.228481480817997,8.68795028632228,21.91702999180653,5.759322538102385,24.845657740026425
2025-12-27,2026-01-03,2026-01-09,15.851472134315534,12.301775373218192,2026-01-03,12.247558865082434,19.455385403548632,10.92548079256194,20.77746347606913,9.23693228157341,22.46601198705766,6.308304533353514,25.394639735277554
2025-12-28,2026-01-04,2026-01-10,17.239339642895597,12.857226757655667,2026-01-04,13.635426373662497,20.843252912128698,12.313348301142003,22.16533098464919,10.624799790153475,23.85387949563772,7.696172041933577,26.782507243857616
2025-12-29,2026-01-05,2026-01-11,16.278631643501573,12.857226757655667,2026-01-05,12.674718374268473,19.882544912734673,11.352640301747979,21.204622985255167,9.66409179075945,22.893171496243696,6.735464042539553,25.82179924446359
2025-12-30,2026-01-06,2026-01-12,15.18657744236019,13.80183274350468,2026-01-06,11.582664173127089,18.79049071159329,10.260586100606595,20.112568784113783,8.572037589618066,21.801117295102312,5.643409841398169,24.72974504332221
2025-12-31,2026-01-07,2026-01-13,16.244761718569695,13.648841579474027,2026-01-07,12.640848449336595,19.848674987802795,11.3187703768161,21.17075306032329,9.630221865827572,22.859301571311818,6.701594117607675,25.787929319531713
2026-01-01,2026-01-08,2026-01-14,18.796597158010275,13.648841579474027,2026-01-08,15.192683888777175,22.400510427243375,13.870605816256681,23.72258849976387,12.182057305268152,25.411137010752398,9.253429557048255,28.339764758972294
2026-01-07,2026-01-14,2026-01-20,19.69309886165043,14.39733484086813,2026-01-14,16.08918559241733,23.29701213088353,14.767107519896836,24.619090203404024,13.078559008908307,26.307638714392553,10.14993126068841,29.23626646261245
2026-01-08,2026-01-15,2026-01-21,18.193098088362962,14.699095222978116,2026-01-15,14.589184819129862,21.797011357596062,13.267106746609368,23.119089430116556,11.57855823562084,24.807637941105085,8.649930487400942,27.73626568932498
2026-01-09,2026-01-16,2026-01-22,18.327149741661614,14.699095222978116,2026-01-16,14.723236472428514,21.931063010894714,13.40115839990802,23.25314108341521,11.712609888919491,24.941689594403737,8.783982140699594,27.870317342623636
2026-01-10,2026-01-17,2026-01-23,16.786902528284273,14.760700631657091,2026-01-17,13.182989259051173,20.390815797517373,11.860911186530679,21.712893870037867,10.17236267554215,23.401442381026396,7.243734927322253,26.330070129246295
2026-01-11,2026-01-18,2026-01-24,16.844412915782524,16.935460605607933,2026-01-18,13.240499646549424,20.448326185015624,11.91842157402893,21.770404257536118,10.229873063040401,23.458952768524647,7.301245314820504,26.387580516744542
2026-01-12,2026-01-19,2026-01-25,16.206288159471235,19.665127126263915,2026-01-19,12.602374890238135,19.810201428704335,11.280296817717641,21.13227950122483,9.591748306729112,22.820828012213358,6.663120558509215,25.749455760433257
2026-01-13,2026-01-20,2026-01-26,18.399397547770498,23.914975420991517,2026-01-20,14.795484278537398,22.003310817003598,13.473406206016904,23.325388889524092,11.784857695028375,25.01393740051262,8.856229946808478,27.94256514873252
2026-01-14,2026-01-21,2026-01-27,18.10441758099092,25.36336399146487,2026-01-21,14.500504311757819,21.70833085022402,13.178426239237325,23.030408922744513,11.489877728248796,24.718957433733042,8.561249980028899,27.64758518195294
2026-01-15,2026-01-22,2026-01-28,15.780383019151559,26.57973309429765,2026-01-22,12.176469749918459,19.38429628838466,10.854391677397965,20.70637436090515,9.165843166409434,22.394922871893684,6.237215418189539,25.32355062011358
2026-01-16,2026-01-23,2026-01-29,17.490307149622552,26.57973309429765,2026-01-23,13.886393880389452,21.094220418855652,12.564315807868958,22.416298491376146,10.87576729688043,24.104847002364675,7.947139548660532,27.033474750584574
2026-01-17,2026-01-24,2026-01-30,16.341178531331796,26.57973309429765,2026-01-24,12.737265262098695,19.945091800564896,11.415187189578202,21.26716987308539,9.726638678589673,22.95571838407392,6.7980109303697756,25.884346132293814
2026-02-06,2026-02-13,2026-02-19,15.159310882493221,10.087974923576487,2026-02-13,11.555397613260121,18.76322415172632,10.233319540739627,20.085302224246817,8.544771029751097,21.773850735235346,5.616143281531201,24.70247848345524
2026-02-07,2026-02-14,2026-02-20,14.946636677655228,9.681392030194715,2026-02-14,11.342723408422128,18.550549946888328,10.020645335901634,19.872628019408822,8.332096824913105,21.56117653039735,5.403469076693208,24.48980427861725
2026-02-08,2026-02-15,2026-02-21,15.18647403777615,8.180347791046751,2026-02-15,11.58256076854305,18.79038730700925,10.260482696022557,20.112465379529745,8.571934185034028,21.801013890518274,5.643306436814131,24.729641638738173
2026-02-09,2026-02-16,2026-02-22,13.4414525361763,8.262141569306921,2026-02-16,9.8375392669432,17.0453658054094,8.515461194422706,18.367443877929894,6.826912683434176,20.055992388918423,3.8982849352142797,22.98462013713832
2026-02-10,2026-02-17,2026-02-23,12.873564588299853,8.112692612449724,2026-02-17,9.269651319066753,16.477477857532953,7.947573246546259,17.799555930053447,6.2590247355577295,19.488104441041976,3.330396987337833,22.41673218926187
2026-02-11,2026-02-18,2026-02-24,12.734228209801294,7.739411934326055,2026-02-18,9.130314940568194,16.338141479034395,7.8082368680477,17.66021955155489,6.119688357059171,19.348768062543417,3.1910606088392743,22.277395810763316
2026-02-12,2026-02-19,2026-02-25,12.49611203468479,7.78262798478646,2026-02-19,8.89219876545169,16.10002530391789,7.570120692931196,17.422103376438386,5.8815721819426665,19.110651887426915,2.95294443372277,22.03927963564681
2026-02-13,2026-02-20,2026-02-26,12.583089223352724,8.17137885766587,2026-02-20,8.979175954119624,16.187002492585826,7.65709788159913,17.509080565106316,5.9685493706106,19.19762907609485,3.039921622390704,22.126256824314744
2026-02-14,2026-02-21,2026-02-27,12.852227190563973,8.19464253786552,2026-02-21,9.248313921330872,16.456140459797073,7.926235848810379,17.778218532317567,6.237687337821849,19.466767043306096,3.3090595896019526,22.395394791525995
2026-02-15,2026-02-22,2026-02-28,12.676587985036699,8.328041288058873,2026-02-22,9.072674715803599,16.2805012542698,7.750596643283105,17.60257932679029,6.062048132294575,19.291127837778824,3.133420384074679,22.21975558599872
2026-02-16,2026-02-23,2026-03-01,12.029628120078833,9.677114422459582,2026-02-23,8.425714850845733,15.633541389311933,7.103636778325239,16.955619461832427,5.415088267336709,18.644167972820956,2.4864605191168128,21.572795721040855
