feature,importance_mean,importance_std
CHLL_NN_TOTAL_roll_mean_28,0.14362051814210344,0.03734514853280836
wind_avg_roll_mean_28,0.11042506047437675,0.03413041087361838
CHL_NN_R2_roll_min_7,0.10559096790608233,0.03765181705713508
CHLL_NN_TOTAL_roll_min_7,0.10082911426606049,0.013493563390973169
day_of_year_cos,0.09698130518689192,0.017033046225351886
Oa12_reflectance_roll_min_14,0.06742708392398891,0.017184997382114833
CHL_NN_R2_roll_mean_7,0.05936751636127431,0.025063816277049143
CHLL_NN_TOTAL_roll_max_14,0.05869550391581928,0.02843688727220857
air_pressure_roll_max_14,0.051224228401125685,0.005214739340825467
temp_min_roll_std_28,0.049388277946133076,0.008048800003197873
air_pressure_roll_min_14,0.047786049702458075,0.007457352673308713
CI_index_roll_mean_7,0.04512417507431006,0.004675660699336796
CHLL_NN_TOTAL_roll_mean_14,0.040941909394192996,0.020801219223859774
water_level_roll_max_28,0.04088679047743056,0.016944988154157528
Watt_per_m2_roll_min_28,0.03843763176753643,0.010670703083906023
precipitation_roll_std_28,0.03574883110112013,0.014007287415361922
wind_speed_2m_roll_max_14,0.02969849818532988,0.006198862328586484
water_level_roll_max_7,0.02874565218582581,0.007272135720339784
coverage_percent_roll_max_28,0.0271158678003248,0.011819499416691338
air_pressure_roll_min_28,0.025557310909658782,0.0031679155432309124
CHL_NN_R3_roll_max_7,0.024536069230985013,0.0023620294801641865
water_level_roll_std_28,0.02381819452265419,0.01434120703594321
coverage_percent_roll_min_28,0.01899361744531376,0.004664183212787271
CHL_NN_R3_roll_std_14,0.018065111652421483,0.0034788959849919882
Oa01_reflectance_roll_min_28,0.017881992717385976,0.004480710959352597
Watt_per_m2_roll_max_28,0.01784930225711321,0.003319818864235509
air_pressure_roll_mean_28,0.015159034410301198,0.0029367801338573613
coverage_percent_roll_std_28,0.014140835013580277,0.006308021525335831
water_level_roll_min_14,0.013352786312516551,0.002180446704810877
CHL_NN_R2_roll_max_14,0.012263794171817378,0.004882894178835408
water_level_roll_std_14,0.012208244510094923,0.006464643225516305
Watt_per_m2_roll_std_28,0.012028539013975825,0.00430198315585797
Watt_per_m2_lag_1,0.01192531875104268,0.0029409777512843256
AWND_roll_max_28,0.01186320162447001,0.0024246440990552034
Watt_per_m2_roll_mean_28,0.0117637357715342,0.004066721370063627
CHL_NN_R2,0.011724504751160093,0.0028432890448869272
Oa16_reflectance_roll_min_14,0.011467851578057386,0.00330326924308198
Oa03_reflectance,0.011412677950373951,0.0022189457461803184
water_level_lag_1,0.010325345891794457,0.003123971616136116
Watt_per_m2,0.01020105267841558,0.0050786565346854756
CHLL_NN_TOTAL,0.010002322052524404,0.011071435766077017
Oa06_reflectance_roll_std_7,0.009627129539287483,0.0028921967211880282
temp_max_roll_std_28,0.009333249551271683,0.004251005469875611
coverage_percent_roll_mean_7,0.008760831892697541,0.0014967967100190257
water_temperature_roll_std_7,0.008484378984531204,0.0037388256594364797
Oa21_reflectance,0.008137613296499735,0.003320840957378033
Oa06_reflectance_roll_max_7,0.007906860008089822,0.0016064187217440012
total_pixels_roll_mean_7,0.007706978284659938,0.003987526457130979
CHL_NN_R2_roll_min_14,0.007672770293804021,0.0028808304919731706
water_level_roll_mean_7,0.007547460148135876,0.0018071869709225979
water_level_roll_mean_28,0.0074866907531510925,0.0036485868735131695
CHL_NN_R1_roll_mean_28,0.007433279738676335,0.00842765379982482
TSM_NN_roll_mean_7,0.006885663268938691,0.0018332051934310777
air_pressure_lag_28,0.006865949504382929,0.0024847588752647427
air_pressure,0.006793872349352937,0.0025673257941044663
air_pressure_lag_14,0.006150614272031163,0.0007492740235388368
Oa03_reflectance_roll_min_7,0.005991314511505452,0.0041121568135703826
CHL_NN_R3_roll_mean_14,0.0057280727646749074,0.0014435275154038184
CI_index_roll_max_7,0.0056103918644948795,0.005626245683595846
CHL_NN_R3_roll_max_28,0.0053243408101117055,0.0017287333691125583
temp_min_roll_min_7,0.005278119411586424,0.001708642585198212
water_level_roll_mean_14,0.005243312328696792,0.0010602473226722356
valid_pixels_roll_max_28,0.005151603083054379,0.0015655290307904266
Oa07_reflectance_roll_min_28,0.004731725340202786,0.0016314128304270085
air_pressure_roll_mean_14,0.004471816755538161,0.004331182054145008
AWND_roll_mean_7,0.004267891777606536,0.0010326323420954608
coverage_percent_roll_max_14,0.004219928861480593,0.002682000763290029
CHL_NN_R1_roll_max_7,0.004053797396537906,0.0018432156591624853
air_temperature_roll_std_28,0.004032504937296411,0.0027614443433605276
temp_min_roll_std_14,0.003997899896096868,0.004441279323728375
Oa11_reflectance_roll_mean_7,0.003922112369630204,0.0017094568857181538
CHL_NN_R3_roll_max_14,0.0038562870290338226,0.0036335022122615307
Oa01_reflectance_roll_max_7,0.003706866178283397,0.001931771845637712
Oa18_reflectance_roll_min_28,0.0036782994455393236,0.0008055059219285187
coverage_percent_roll_mean_28,0.0036259638793808336,0.0017112958362370918
water_level_roll_min_7,0.0034466739508487885,0.0021175064617026417
Oa16_reflectance_roll_min_7,0.003103505488741298,0.0018125322086344538
water_temperature_lag_28,0.00307838374858882,0.0014203884203427789
CHL_OC4ME_roll_std_14,0.0030465642627409474,0.0015881736948334165
wind_avg_roll_max_28,0.0030383748484933636,0.0013744076162222655
total_pixels_roll_min_7,0.0029931571305826577,0.0009866692079141463
Watt_per_m2_roll_max_7,0.0029537984411711184,0.0013120475084296866
CHL_NN_R1_roll_std_28,0.0028912952022887685,0.006213203582218982
valid_pixels_roll_std_28,0.0028774259391620483,0.0010773680174152834
valid_pixels_roll_max_7,0.002872845588898043,0.000609767616732989
total_pixels_roll_max_28,0.0028572930948545404,0.009531922670092468
CHL_NN_R3,0.0027665093960116405,0.0011037451925958262
air_temperature_roll_min_14,0.002762123353429269,0.0014747313928758568
Oa05_reflectance_roll_min_28,0.002753723242308226,0.006436302813283039
day_of_year_sin,0.0027409540923436283,0.006743593786020843
temp_min_roll_min_14,0.002704742676181704,0.0013493662796589883
Oa01_reflectance_roll_min_7,0.002665406043897578,0.0038270132339611332
KD490_M07_roll_min_14,0.0026588099685877164,0.01054332484656242
coverage_percent_roll_std_14,0.002626578478435171,0.00121671840312707
Oa17_reflectance_lag_1,0.002538547996600027,0.0013653349701566392
water_level_roll_max_14,0.0025255827174962774,0.002896888657461661
Oa03_reflectance_roll_max_28,0.0025189921245670987,0.0006789966905602756
IWV,0.002513606838151006,0.0008231570225374726
Oa07_reflectance_roll_max_14,0.002513419943085493,0.0012456424734992575
water_level_lag_14,0.0024765945576624483,0.0032842410768744545
wind_speed_2m_roll_min_28,0.002470005708529399,0.0012396900883209915
water_temperature_roll_mean_14,0.0024300158073650826,0.0009785984779093631
total_pixels_lag_7,0.0023853345476394063,0.0006040256859265463
water_temperature_lag_1,0.0023636076517738135,0.0005037314275475325
wind_avg_roll_max_14,0.0023609535149324845,0.0013726994908907378
AWND_roll_min_7,0.0023597872169091707,0.0015825458668098198
CHL_OC4ME_roll_mean_14,0.002322905807991704,0.00029746900076778804
KD490_M07_roll_max_14,0.002306745617810435,0.0012085598417298192
CHLL_NN_TOTAL_roll_min_14,0.0022567867791014164,0.0008359858677848141
valid_pixels_roll_mean_7,0.002220002406812904,0.000714767546331376
coverage_percent_roll_max_7,0.0021873160642808197,0.0010123582928943237
CHL_OC4ME_roll_mean_7,0.002185629692947755,0.0005648211080575899
A865_roll_max_7,0.002174368120322967,0.0008632458914508254
water_level_lag_7,0.002160754917170138,0.0010010954259556822
temp_max,0.0021181437245106237,0.0010226881397378943
Oa04_reflectance_lag_1,0.0020692118375487123,0.0006164019168450745
CI_index_roll_mean_14,0.002068386611066497,0.0005719388750081524
air_temperature_roll_min_7,0.0020068360739440736,0.005084068305762041
CHL_OC4ME_roll_mean_28,0.0019512154524977455,0.001660974577530691
Oa02_reflectance_lag_28,0.0019126832673317384,0.0008261849025604402
Oa17_reflectance_roll_std_28,0.0018821333484825065,0.0013780660024261832
temp_max_roll_mean_7,0.0018639447746616965,0.0031936635906230464
Oa04_reflectance,0.001807701162230213,0.00030083657183407084
precipitation_roll_max_14,0.0017966410149472534,0.00112873022397801
temp_min_roll_std_7,0.0017902452625667476,0.0011657134770088565
total_pixels_lag_28,0.0017713914639116979,0.0009040311245032762
Oa08_reflectance_roll_min_14,0.001748848139487702,0.0007241308069452562
Oa01_reflectance_roll_max_28,0.0017388678962489302,0.010136522048688904
air_temperature,0.0017365471016993705,0.0015276330220567746
valid_pixels_roll_std_14,0.0017037037459797233,0.0012496880234345652
ADG443_NN_roll_max_14,0.0016546604211612249,0.0028303588044548324
air_pressure_roll_std_7,0.0016461430189510296,0.0015204779083400444
precipitation_roll_std_7,0.0016384330778998813,0.001991057071259887
water_temperature_roll_mean_28,0.0015977002275439744,0.001541736301445684
PAR,0.001591166015129808,0.0017936359834138105
T865_lag_7,0.0015789486254883301,0.0002318919501043171
ADG443_NN_lag_7,0.0015620563783131924,0.000470533239624781
A865_roll_min_14,0.0015382947413120184,0.0018399692669104
air_temperature_lag_1,0.0014434438894087354,0.0010016707877076802
CHLL_NN_TOTAL_roll_mean_7,0.0014433396053549874,0.00024541544176999886
PAR_lag_28,0.0014283862125811897,0.0008815832912197309
air_temperature_lag_14,0.0014211383187589632,0.0014610927902575924
AWND_lag_7,0.0013820369047537807,0.0007043860674657062
Watt_per_m2_lag_14,0.0013151951447752275,0.0008726168799005393
Oa12_reflectance_lag_28,0.0013102191940547402,0.0007845205856810177
CHL_OC4ME_roll_max_14,0.0013097218942217826,0.0009271724159684698
TSM_NN_roll_std_14,0.001308425345117037,0.000531655167402942
water_temperature_roll_max_14,0.001306001421218239,0.0008250479823904995
Oa08_reflectance_roll_min_28,0.0012710092617226997,0.0005181756291000445
air_pressure_roll_min_7,0.0012557621868243274,0.000497429654466878
Oa04_reflectance_roll_min_14,0.0012403408193207178,0.0004735086212647698
CHL_OC4ME_roll_std_7,0.0012321302750309294,0.0014150178768243698
water_level_roll_min_28,0.0011949375749838343,0.0019301279609881426
temp_min_roll_mean_28,0.0011833408977099502,0.005057741241736696
CHL_NN_R3_roll_min_7,0.0011778393439941582,0.002596461998076498
IWV_roll_mean_14,0.0011700883565266107,0.000553671500235135
wind_avg_roll_std_28,0.0011120294889332527,0.00470118947867816
A865_roll_mean_14,0.0011050802954450044,0.0010454565821751641
Oa07_reflectance_roll_mean_7,0.0010744471528835397,0.0006451084640484958
water_temperature_roll_min_14,0.001056895116417733,0.0016730200661834505
Oa16_reflectance_lag_28,0.0010128389191319087,0.0008269800239013444
TSM_NN_roll_std_7,0.0010127080617559514,0.0004377590901520623
air_temperature_roll_max_7,0.0009998347835268096,0.001795498674109395
IWV_roll_max_14,0.0009732985405831674,0.0006875533488001468
CI_index_lag_7,0.0009488701626626739,0.0006129017464918834
Oa18_reflectance_roll_mean_14,0.0009301496875211868,0.00017966679892927155
ADG443_NN_lag_14,0.0009229035995251156,0.00016358158611796825
T865_roll_mean_14,0.0009120210849494992,0.0006457240903053544
air_pressure_lag_1,0.0008861078981998282,0.0008430242679921812
Watt_per_m2_roll_std_14,0.0008834526562541356,0.0013915356733403706
coverage_percent_lag_1,0.0008772561192574191,0.000884655276410684
CHL_NN_R2_lag_14,0.0008658349765485518,0.0006351504913520812
CHL_NN_R3_lag_7,0.0008609404741582782,0.00018593726654037127
Oa17_reflectance_roll_max_7,0.0008496430524332244,0.00030435986796429406
coverage_percent_lag_28,0.0008035386790167465,0.001444794447371617
Oa21_reflectance_roll_mean_28,0.0007979889284840169,0.00037619003730204604
Oa07_reflectance_lag_1,0.0007825126004403326,0.00041387093083702827
Oa01_reflectance_roll_min_14,0.0007814500379283551,0.0007643498876875973
month,0.0007780508494905636,0.0004596441183821468
valid_pixels_roll_std_7,0.0007763306679630322,0.0002134440311711652
Oa21_reflectance_roll_std_28,0.0007553801053711507,0.001985336550880852
Oa04_reflectance_roll_mean_7,0.0007362271725040337,0.00023673953901507755
water_temperature_roll_min_28,0.000730656808812924,0.0005389315230488834
Oa08_reflectance_roll_max_7,0.000721809634762538,0.0004955751238107849
coverage_percent_roll_mean_14,0.0007121261420240721,0.0010278587542697454
CHL_OC4ME_roll_max_28,0.0007059414729675862,0.0015240835926424376
Oa09_reflectance_roll_min_28,0.0006934896590750749,0.0002230210999307839
IWV_roll_mean_28,0.0006810942675641752,0.0019339870232026185
CHL_NN_R3_roll_mean_7,0.0006626669733027057,0.0002486117466791522
Oa21_reflectance_roll_max_14,0.000655713258499091,0.00031902696955262875
Oa05_reflectance_roll_max_7,0.0006514354627663365,0.0006150297066399511
coverage_percent_roll_std_7,0.0006186146368441392,0.0026734152046527402
wind_avg,0.0006183908945597505,0.0012289197754160256
temp_max_lag_7,0.0006164169306007939,0.00021659264954488813
T865_roll_std_28,0.0006124798737421333,0.0025691460828186656
Oa08_reflectance_lag_14,0.0005964315840317092,0.00036210533126511147
total_pixels_roll_max_7,0.0005955880545883918,0.00118235897239455
IWV_roll_mean_7,0.0005790686617639818,0.0005472004223441765
KD490_M07_roll_std_7,0.0005531069694758361,0.0008024067871796135
water_level_roll_std_7,0.0005397540305427829,0.0012843961840572904
Oa16_reflectance_roll_mean_28,0.0005151622187570925,0.000327958530479344
Oa04_reflectance_roll_mean_14,0.0005138141041679311,0.00025450990771455346
Oa01_reflectance_lag_28,0.0005123743986259477,0.00026335975080478505
T865_lag_14,0.0005083945080874841,0.0006692782164474947
PAR_roll_std_28,0.0005015309535134627,0.001055561700555473
Oa11_reflectance_roll_std_28,0.0004918367198021745,0.00010848847362698134
day_of_week,0.0004902170986790466,0.0005931254716603379
PAR_lag_14,0.000473767634556399,0.00020880691400362544
Oa10_reflectance_roll_min_14,0.00047235881891745103,0.00021774665654002986
coverage_percent,0.00047212429699698965,0.00033144103274200965
CHL_NN_R2_roll_std_14,0.0004457055421874578,0.000624363140503664
Oa02_reflectance_roll_mean_7,0.0004366663884159738,0.00015076944928124925
CI_index_lag_14,0.00043482529106522174,0.0005359047538078312
Oa07_reflectance_roll_max_28,0.00043107856100497164,0.00023687327927943226
CHL_NN_R2_roll_mean_14,0.0004174957219811759,0.00023915071853754176
KD490_M07_roll_min_28,0.0004150935149271007,0.00014726385051592114
precipitation_roll_mean_14,0.000410557387147259,0.0032571293844948545
CHL_OC4ME_roll_min_14,0.0003937735302597556,0.00011836973338529396
precipitation_lag_28,0.000387147228392104,0.001609965098518714
CHL_NN_R3_lag_14,0.00038532597952980476,0.000943049830082403
CHL_NN_R1_lag_28,0.00038351915015377713,0.0010851541411158114
T865,0.00037781591315311225,0.00037028102553585704
T865_roll_std_14,0.00037171487422642534,0.0002867968823437636
Oa01_reflectance_roll_mean_7,0.00036717962221586296,0.0004359585053877079
air_temperature_lag_7,0.00036441462588627794,0.0005156533021517824
CHLL_NN_TOTAL_lag_7,0.00035809984781720594,0.00030506207591784025
Oa11_reflectance_lag_7,0.0003571026968458568,0.00024011899840804948
valid_pixels_lag_28,0.0003538039801918025,0.00025718522560556813
Oa11_reflectance_roll_mean_28,0.0003503848501388962,0.0003015408624333702
TSM_NN_roll_max_7,0.0003456671871109318,0.0013261925544328706
Oa11_reflectance_roll_max_7,0.00033475762409374,0.0006756262248931921
Oa03_reflectance_roll_mean_14,0.00033268521955109875,0.0001556300479544297
Oa07_reflectance_roll_min_14,0.0003324194934550384,0.0002796671702725433
CHL_NN_R3_roll_min_14,0.0003244045884101876,0.00015003497375209592
Oa04_reflectance_lag_7,0.0003233844382835027,5.796925711475342e-05
Oa01_reflectance_lag_7,0.0003168568361514801,0.0002662029753734273
CHLL_NN_TOTAL_lag_28,0.00030297754296495507,0.0002510871695501639
Oa06_reflectance_roll_mean_14,0.0002979997069504581,0.00027897492482885307
valid_pixels_lag_7,0.0002966652084178012,0.0005127816356797312
coverage_percent_lag_14,0.00029391744439579706,0.0011491244526079885
CHLL_NN_TOTAL_lag_1,0.000286624692717119,0.0003000078027983592
Oa17_reflectance,0.000286043909715783,0.0002931555443681871
TSM_NN_roll_min_7,0.00028400957605136947,0.0003740421728493164
Oa06_reflectance_roll_std_14,0.0002834763040064914,0.00042909983152058585
CHL_NN_R3_lag_28,0.000281385584218441,0.0004020128551617276
CHL_OC4ME_lag_1,0.00027968860593619027,0.0005169016978936013
total_pixels_lag_14,0.00027967323650344154,0.0005579392639876927
Oa05_reflectance_roll_mean_14,0.0002780237828264198,0.00011991231036410505
water_level_lag_28,0.0002765349098351244,0.001517340282353262
KD490_M07_lag_7,0.0002686435629426054,0.0002934143753598868
water_temperature_roll_min_7,0.0002666693418021726,0.00024083685680159918
water_temperature_lag_7,0.0002650552522994509,0.00021959363885630244
Oa02_reflectance_roll_mean_28,0.0002638237036762803,0.000677775366696051
Oa07_reflectance,0.00025879670026154324,0.00017727826477365431
Oa01_reflectance_roll_max_14,0.0002569644132453863,0.000117173825551225
Oa07_reflectance_lag_14,0.0002554875159556325,0.00041704862147976153
CHL_OC4ME_lag_28,0.0002460031471342106,0.000484856083226008
Oa10_reflectance_roll_min_7,0.0002372908631179893,0.00037777376446963866
ADG443_NN_roll_min_28,0.00023281178670599977,0.0004797414940209326
A865,0.00022283524124850907,0.0002153925597348541
total_pixels_roll_min_14,0.00021987842351922637,0.000747778325020797
Oa09_reflectance_roll_mean_28,0.0002185011041996976,0.00014778260142190357
IWV_roll_std_7,0.00021694106164638072,0.0003899730821760294
Oa18_reflectance_lag_7,0.00021547158774710696,0.00027660529203149206
Oa11_reflectance_roll_min_7,0.00021509669656034626,0.0017300692593416839
A865_roll_max_14,0.00021206833129507884,0.00017749304734908993
CHL_NN_R1_roll_max_14,0.00020415548549577168,0.00032652805560764075
temp_max_lag_28,0.00020066735711368188,0.00040419733380147904
precipitation_lag_7,0.00019836933677530588,0.0015092376388234868
Oa03_reflectance_roll_mean_28,0.00018717132719370255,0.0003510171426380977
CHL_NN_R2_roll_max_28,0.0001847415454964807,0.0037926396813049634
Oa08_reflectance,0.00018337835406350144,0.0008666967278746964
Oa02_reflectance,0.00017917132040703442,0.00010089395650368774
Oa03_reflectance_roll_max_7,0.000170386659866395,0.00030848170050407173
Oa16_reflectance_roll_std_28,0.0001684393374699944,6.0830651854797494e-05
Oa17_reflectance_roll_mean_28,0.00016560234711855416,0.00018212696307827767
Oa02_reflectance_lag_1,0.00016081925506994388,0.00011982422769624353
Oa03_reflectance_roll_max_14,0.00015736182532486432,9.012313828753435e-05
Oa10_reflectance_roll_mean_7,0.0001531310072379277,7.461316112742522e-05
Oa18_reflectance_roll_min_7,0.000152183881931256,0.0001225452074999863
Oa21_reflectance_roll_mean_7,0.00014810913610716626,9.966801458163529e-05
wind_speed_2m,0.00014649479261588105,0.0012053576189350872
valid_pixels_roll_min_7,0.000146270234206769,0.00036003055803873535
Oa03_reflectance_lag_14,0.0001413285778126827,0.00023349496103651225
Oa06_reflectance_lag_28,0.00013802088388312762,9.490857902828186e-05
Oa02_reflectance_roll_std_28,0.00012766692097594402,7.264245609030905e-05
coverage_percent_is_missing,0.0001258530063644958,9.18644848613868e-05
Oa07_reflectance_roll_max_7,0.00012431295515908937,0.00019865657570324044
valid_pixels_lag_1,0.00012009463070126181,0.0001537084466603561
Oa12_reflectance_roll_mean_7,0.00011961396989574879,3.926934844417388e-05
valid_pixels_roll_mean_14,0.00011218252252431782,0.00040251826572460365
KD490_M07_lag_1,0.00010948908367218735,0.00012154195821046172
Oa09_reflectance_roll_mean_7,0.00010937275727793683,8.878603135089112e-05
Oa03_reflectance_roll_std_28,0.0001055018160092569,5.2224450055687264e-05
ADG443_NN_roll_std_28,0.00010465196775450991,0.00028382854873730925
Oa07_reflectance_roll_std_7,0.0001037947073704082,0.0002334368200086848
CHL_OC4ME_lag_7,0.00010235879939344273,0.0004512507313686929
Oa06_reflectance_roll_mean_28,0.0001011858139907229,0.00026151592964758713
Oa02_reflectance_lag_14,0.00010090400598099514,0.00013153841449129475
Oa16_reflectance_lag_7,9.507027289479275e-05,0.0002489523008968761
CHL_NN_R1_roll_min_7,9.108218291471459e-05,0.0015984864304883942
KD490_M07_roll_std_28,9.038126427651783e-05,0.0005784700083121794
A865_roll_min_28,8.918238500150721e-05,5.187263127535734e-05
Oa06_reflectance_lag_14,8.785693227562064e-05,0.00045864942263427544
KD490_M07_roll_min_7,8.536314508669207e-05,0.00021414226741752542
CHLL_NN_TOTAL_roll_std_28,7.958247241437454e-05,8.22987339600052e-05
Oa12_reflectance_roll_max_28,7.501436096868375e-05,3.849420345180308e-05
total_pixels_roll_std_7,7.380545159816344e-05,0.0005528308442548276
Oa07_reflectance_roll_min_7,7.300538332963847e-05,0.000358828264171218
Oa18_reflectance_lag_28,7.279608268278004e-05,0.00033894919382598137
Oa05_reflectance_roll_std_28,7.128968490577314e-05,0.0003624457034071104
Oa21_reflectance_roll_std_7,7.02994257723688e-05,0.00021170267489931374
CHL_NN_R1_roll_std_7,6.90027176128094e-05,0.0006458262711015109
ADG443_NN_roll_mean_14,6.681944909674442e-05,7.074672798501605e-05
KD490_M07_roll_std_14,6.614486896032723e-05,0.00012914491818510974
Oa05_reflectance_lag_28,6.466150766653023e-05,5.0339371271070765e-05
TSM_NN,6.030542700852237e-05,5.07536928382823e-05
Oa18_reflectance_lag_1,6.025631756720884e-05,5.920066053102228e-05
Oa02_reflectance_roll_max_28,5.429167897990084e-05,4.9383484227264315e-05
Oa21_reflectance_roll_mean_14,5.183694280916917e-05,4.148979811193743e-05
total_pixels_lag_1,5.1657172059238476e-05,7.821246594969521e-05
A865_roll_max_28,4.865747741171767e-05,0.0005735831950929756
coverage_percent_roll_min_14,4.844746364240926e-05,0.000855332543254332
Oa16_reflectance_lag_1,4.4039418497110463e-05,9.458424221183925e-05
Oa18_reflectance_roll_mean_7,4.260334489005757e-05,8.94564966167021e-05
Oa08_reflectance_lag_1,4.189764289503905e-05,0.0005837226972317947
Oa16_reflectance_roll_max_28,3.6622512367934236e-05,6.600550708372472e-05
Oa04_reflectance_roll_max_14,3.284628909874243e-05,1.6423144549371216e-05
Oa05_reflectance,2.8597982153355515e-05,0.00012615410490070982
temp_min_roll_max_28,2.745312068745953e-05,2.0490650033420834e-05
Oa05_reflectance_roll_std_14,2.2884715275361957e-05,6.045259818329282e-05
Oa11_reflectance_roll_std_7,2.2599931022426744e-05,5.1412411202734035e-05
Oa21_reflectance_lag_28,2.1932166312721434e-05,0.0003313660603235471
Oa07_reflectance_roll_std_14,2.113459818842145e-05,2.0724807265357517e-05
T865_roll_max_14,1.9865320639489427e-05,0.00033746010450892987
Oa12_reflectance_lag_1,1.682061318843964e-05,6.615612010299424e-05
Oa04_reflectance_roll_std_7,1.666544777005896e-05,1.4727913875088041e-05
Oa03_reflectance_lag_7,1.6229591342842298e-05,0.00010680735474244879
Oa10_reflectance_lag_28,1.5927654955882885e-05,1.818919915449418e-05
Oa17_reflectance_lag_14,1.5689945859165278e-05,0.00010852995120056622
Oa04_reflectance_roll_max_7,1.5509129412061284e-05,2.369058649787893e-05
Oa21_reflectance_lag_14,1.5182808402736114e-05,0.00013483186566911817
Oa10_reflectance_lag_14,1.3325287813525932e-05,1.9547463443888637e-05
KD490_M07_lag_28,1.2380037454162718e-05,1.6341566302770907e-05
CHL_NN_R2_lag_1,1.179007329779047e-05,2.1690615490225326e-05
valid_pixels,1.0930195100034012e-05,0.0005965216357218282
Oa17_reflectance_roll_min_14,1.0094612288202853e-05,2.1545685536693054e-05
Oa09_reflectance_roll_max_7,8.069595720394674e-06,7.322166948387933e-05
Oa12_reflectance_roll_std_14,6.837370374324081e-06,7.4886545174175526e-06
Oa21_reflectance_roll_max_28,5.466341101056926e-06,8.148483852233493e-06
Oa07_reflectance_lag_7,3.5685086056780333e-06,1.9407008614834495e-05
temp_min_lag_7,2.72391488409518e-06,0.00010309634854685363
Oa05_reflectance_lag_7,2.038173671037313e-06,4.607855466336307e-06
Oa03_reflectance_lag_1,1.1109961107980127e-06,4.3158609429488796e-05
Oa05_reflectance_raw,0.0,0.0
Oa05_reflectance_is_missing,0.0,0.0
Oa04_reflectance_roll_max_28,0.0,0.0
rho_709_roll_std_28,0.0,0.0
Oa06_reflectance_roll_max_14,0.0,0.0
total_pixels_roll_max_14,0.0,0.0
total_pixels_raw,0.0,0.0
total_pixels_is_missing,0.0,0.0
rho_709_roll_max_28,0.0,0.0
rho_709_roll_min_28,0.0,0.0
Oa09_reflectance_roll_max_28,0.0,0.0
Oa04_reflectance_is_missing,0.0,0.0
valid_pixels_is_missing,0.0,0.0
valid_pixels_raw,0.0,0.0
Oa03_reflectance_is_missing,0.0,0.0
PAR_is_missing,0.0,0.0
PAR_raw,0.0,0.0
temp_max_raw,0.0,0.0
temp_max_is_missing,0.0,0.0
Oa07_reflectance_raw,0.0,0.0
Oa07_reflectance_is_missing,0.0,0.0
precipitation_roll_min_28,0.0,0.0
Oa03_reflectance_raw,0.0,0.0
precipitation_roll_min_14,0.0,0.0
Oa10_reflectance_is_missing,0.0,0.0
precipitation_raw,0.0,0.0
PAR_roll_max_14,0.0,0.0
precipitation_is_missing,0.0,0.0
rho_709_roll_mean_28,0.0,0.0
Oa04_reflectance_raw,0.0,0.0
PAR_roll_max_28,0.0,0.0
TSM_NN_is_missing,0.0,0.0
TSM_NN_raw,0.0,0.0
coverage_percent_raw,0.0,0.0
Oa05_reflectance_roll_max_14,0.0,0.0
rho_709_roll_max_14,0.0,0.0
rho_665_roll_mean_28,0.0,0.0
rho_665_roll_min_28,0.0,0.0
rho_665_roll_max_28,0.0,0.0
rho_681_is_missing,0.0,0.0
rho_681_raw,0.0,0.0
rho_681_lag_1,0.0,0.0
rho_681_lag_7,0.0,0.0
rho_681_lag_14,0.0,0.0
rho_681_lag_28,0.0,0.0
rho_681_roll_mean_7,0.0,0.0
rho_681_roll_std_7,0.0,0.0
rho_681_roll_min_7,0.0,0.0
rho_681_roll_max_7,0.0,0.0
rho_681_roll_mean_14,0.0,0.0
rho_681_roll_std_14,0.0,0.0
rho_681_roll_min_14,0.0,0.0
rho_681_roll_max_14,0.0,0.0
rho_681_roll_mean_28,0.0,0.0
rho_681_roll_std_28,0.0,0.0
rho_681_roll_min_28,0.0,0.0
rho_681_roll_max_28,0.0,0.0
rho_709_is_missing,0.0,0.0
rho_709_raw,0.0,0.0
rho_709_lag_1,0.0,0.0
rho_665_roll_std_28,0.0,0.0
rho_665_roll_max_14,0.0,0.0
rho_709_roll_min_14,0.0,0.0
rho_665_roll_min_14,0.0,0.0
Oa06_reflectance_raw,0.0,0.0
Oa06_reflectance_is_missing,0.0,0.0
rho_709_roll_std_14,0.0,0.0
rho_709_roll_mean_14,0.0,0.0
rho_709_roll_max_7,0.0,0.0
Oa07_reflectance_roll_mean_14,0.0,0.0
rho_709_roll_min_7,0.0,0.0
rho_709_roll_std_7,0.0,0.0
Oa05_reflectance_roll_std_7,0.0,0.0
rho_709_roll_mean_7,0.0,0.0
rho_709_lag_28,0.0,0.0
rho_665_is_missing,0.0,0.0
rho_665_raw,0.0,0.0
rho_665_lag_1,0.0,0.0
rho_665_lag_7,0.0,0.0
rho_665_lag_14,0.0,0.0
rho_665_lag_28,0.0,0.0
rho_665_roll_mean_7,0.0,0.0
rho_665_roll_std_7,0.0,0.0
rho_665_roll_min_7,0.0,0.0
rho_665_roll_max_7,0.0,0.0
rho_665_roll_mean_14,0.0,0.0
rho_665_roll_std_14,0.0,0.0
Oa07_reflectance_lag_28,0.0,0.0
Oa21_reflectance_raw,0.0,0.0
temp_min_is_missing,0.0,0.0
Oa21_reflectance_roll_std_14,0.0,0.0
quarter,0.0,0.0
CHL_NN_R1_raw,0.0,0.0
Oa11_reflectance_roll_max_28,0.0,0.0
Oa12_reflectance_is_missing,0.0,0.0
Oa12_reflectance_raw,0.0,0.0
KD490_M07_raw,0.0,0.0
KD490_M07_is_missing,0.0,0.0
ADG443_NN_raw,0.0,0.0
ADG443_NN_is_missing,0.0,0.0
CHL_NN_R2_raw,0.0,0.0
Oa12_reflectance_roll_mean_14,0.0,0.0
Oa12_reflectance_roll_max_14,0.0,0.0
Oa12_reflectance_roll_mean_28,0.0,0.0
A865_raw,0.0,0.0
A865_is_missing,0.0,0.0
Oa09_reflectance_raw,0.0,0.0
Oa16_reflectance_is_missing,0.0,0.0
Oa16_reflectance_raw,0.0,0.0
Oa09_reflectance_is_missing,0.0,0.0
CHL_NN_R3_raw,0.0,0.0
Oa08_reflectance_roll_max_28,0.0,0.0
T865_is_missing,0.0,0.0
T865_raw,0.0,0.0
Oa11_reflectance_roll_mean_14,0.0,0.0
Oa10_reflectance_roll_max_14,0.0,0.0
Oa10_reflectance_raw,0.0,0.0
Oa10_reflectance,0.0,0.0
Oa09_reflectance_roll_std_28,0.0,0.0
Oa10_reflectance_roll_std_7,0.0,0.0
Oa09_reflectance_roll_max_14,0.0,0.0
CHLL_NN_TOTAL_raw,0.0,0.0
Oa10_reflectance_roll_mean_14,0.0,0.0
Oa10_reflectance_roll_std_14,0.0,0.0
CHLL_NN_TOTAL_is_missing,0.0,0.0
rho_665,0.0,0.0
AWND_is_missing,0.0,0.0
Oa10_reflectance_roll_std_28,0.0,0.0
Oa10_reflectance_roll_min_28,0.0,0.0
Oa10_reflectance_roll_max_28,0.0,0.0
Oa11_reflectance_is_missing,0.0,0.0
Oa11_reflectance_raw,0.0,0.0
rho_681,0.0,0.0
Oa09_reflectance_roll_std_14,0.0,0.0
rho_709,0.0,0.0
AWND_raw,0.0,0.0
Watt_per_m2_raw,0.0,0.0
rho_709_lag_7,0.0,0.0
Watt_per_m2_is_missing,0.0,0.0
Oa16_reflectance_roll_max_7,0.0,0.0
Oa18_reflectance_is_missing,0.0,0.0
Oa18_reflectance_raw,0.0,0.0
wind_speed_2m_raw,0.0,0.0
wind_speed_2m_is_missing,0.0,0.0
Oa02_reflectance_is_missing,0.0,0.0
Oa08_reflectance_raw,0.0,0.0
Oa02_reflectance_raw,0.0,0.0
Oa08_reflectance_is_missing,0.0,0.0
Oa18_reflectance_roll_std_14,0.0,0.0
wind_avg_raw,0.0,0.0
Oa18_reflectance_roll_max_14,0.0,0.0
Oa18_reflectance_roll_mean_28,0.0,0.0
Oa18_reflectance_roll_std_28,0.0,0.0
Oa07_reflectance_roll_std_28,0.0,0.0
Oa18_reflectance_roll_max_28,0.0,0.0
Oa21_reflectance_is_missing,0.0,0.0
rho_709_lag_14,0.0,0.0
wind_avg_is_missing,0.0,0.0
Oa02_reflectance_roll_max_7,0.0,0.0
Oa02_reflectance_roll_mean_14,0.0,0.0
temp_min_raw,0.0,0.0
air_pressure_is_missing,0.0,0.0
air_pressure_raw,0.0,0.0
Oa01_reflectance_raw,0.0,0.0
Oa01_reflectance_is_missing,0.0,0.0
CHL_OC4ME_is_missing,0.0,0.0
CHL_OC4ME_raw,0.0,0.0
water_temperature_raw,0.0,0.0
water_temperature_is_missing,0.0,0.0
Oa08_reflectance_roll_max_14,0.0,0.0
Oa08_reflectance_roll_std_14,0.0,0.0
CI_index_is_missing,0.0,0.0
Oa17_reflectance_is_missing,0.0,0.0
Oa17_reflectance_raw,0.0,0.0
CI_index_raw,0.0,0.0
IWV_is_missing,0.0,0.0
water_level_raw,0.0,0.0
water_level_is_missing,0.0,0.0
IWV_raw,0.0,0.0
air_temperature_raw,0.0,0.0
Oa17_reflectance_roll_std_14,0.0,0.0
air_temperature_is_missing,0.0,0.0
IWV_lag_1,-1.0072954056639106e-06,0.00031863037751293994
Oa18_reflectance_lag_14,-2.1682405348943945e-06,7.651119225009609e-05
air_temperature_roll_mean_28,-2.332808931093666e-06,0.0002629580412857996
ADG443_NN_roll_mean_28,-2.6504574260677315e-06,5.300914852135463e-06
Oa16_reflectance_roll_std_7,-3.6115565396954707e-06,0.00015461878048913293
CHLL_NN_TOTAL_roll_max_28,-4.208090687285449e-06,0.00020645703739473472
TSM_NN_roll_min_14,-4.537254463299334e-06,6.1384583601339755e-06
Oa18_reflectance_roll_max_7,-4.70354480386348e-06,2.5329363946875835e-05
Oa04_reflectance_roll_min_7,-5.905564130470609e-06,0.0022045871241040244
CI_index_roll_std_7,-6.214652122826791e-06,0.000664249766588316
Oa09_reflectance,-7.612193387052102e-06,3.493790412695601e-05
Oa09_reflectance_lag_1,-7.639467144793244e-06,2.2918401434774477e-05
Oa04_reflectance_lag_28,-8.929704704963016e-06,1.9346819767906197e-05
Oa17_reflectance_lag_28,-9.438031565389693e-06,4.37350358047527e-05
TSM_NN_lag_28,-9.7836032572296e-06,0.000327934756873623
Oa10_reflectance_roll_max_7,-1.162278653472626e-05,1.549704871309787e-05
air_temperature_roll_mean_7,-1.1694606611412084e-05,8.666602526229302e-05
Oa02_reflectance_roll_max_14,-1.1832852200299726e-05,1.3586356509621719e-05
Oa06_reflectance_roll_mean_7,-1.2549297199759834e-05,2.1028856006347178e-05
Oa07_reflectance_roll_mean_28,-1.4522323178578489e-05,0.00010356621775295928
ADG443_NN,-1.4602669260055378e-05,0.0001496943652412781
Oa06_reflectance_lag_1,-1.7472206522128884e-05,7.909427248135138e-05
Oa08_reflectance_roll_mean_7,-1.7766424822962533e-05,1.1096842346572868e-05
ADG443_NN_roll_std_7,-1.7893806015489845e-05,0.00028552359191222413
CHL_NN_R3_is_missing,-1.8150739213318447e-05,3.6580510037974487e-05
Oa17_reflectance_roll_max_28,-1.8232174363541632e-05,1.2043560713546626e-05
Oa21_reflectance_roll_max_7,-2.2417459519319394e-05,3.106305941686236e-05
Oa06_reflectance_roll_max_28,-2.274998236413417e-05,0.0001796941312290013
Oa09_reflectance_roll_min_14,-2.2977560845793832e-05,0.00030926793887349653
Oa17_reflectance_roll_min_28,-2.3840908358296888e-05,2.851511730416578e-05
total_pixels_roll_std_14,-2.4398848698536924e-05,0.00015275525696405268
Oa10_reflectance_lag_1,-2.4477188483906786e-05,1.9882468640083243e-05
total_pixels_roll_mean_28,-2.6115419877736912e-05,0.0012130434835138267
Oa01_reflectance_roll_std_28,-2.772182551424862e-05,3.1187941109671135e-05
Oa08_reflectance_lag_28,-2.987555853017909e-05,1.3428107200995218e-05
Oa01_reflectance_roll_std_14,-3.690479582711959e-05,3.3108933039215485e-05
Oa17_reflectance_roll_mean_7,-3.869209513815974e-05,4.0321882739883356e-05
Oa16_reflectance_roll_mean_14,-4.1348656689832454e-05,3.441718732127812e-05
CHL_NN_R2_is_missing,-4.34609821448273e-05,0.00010956061873922856
Oa11_reflectance_roll_std_14,-4.4397339146495794e-05,9.655637837899306e-05
temp_max_roll_max_7,-4.534800278261919e-05,0.00251886527184814
Oa11_reflectance_roll_max_14,-4.786691715898961e-05,2.7522682310302962e-05
KD490_M07,-4.938217626415664e-05,0.00010319645602212371
Oa17_reflectance_roll_mean_14,-5.2336625546312024e-05,4.982068384260296e-05
Oa04_reflectance_roll_min_28,-5.248984664278922e-05,0.0009686800504705048
Oa17_reflectance_roll_max_14,-5.5974197663299916e-05,4.077336087770157e-05
Oa12_reflectance_lag_7,-5.645330420338546e-05,6.179500948286194e-05
PAR_roll_min_14,-6.220107593506441e-05,1.1675425986341913e-05
CHL_NN_R1_lag_7,-6.234672425073918e-05,0.00024035016337581482
Oa18_reflectance_roll_std_7,-6.258525015554462e-05,5.319321228006274e-05
water_temperature_roll_max_28,-6.264821875960891e-05,7.96300116010689e-05
Oa08_reflectance_roll_min_7,-6.346864193815805e-05,0.0007862945697472553
Oa02_reflectance_roll_min_28,-6.370455677013886e-05,4.200891932157493e-05
CHL_NN_R1_is_missing,-6.489623437060388e-05,9.917012390409459e-05
water_temperature,-7.092505793253601e-05,0.002128646059776349
Oa11_reflectance_lag_28,-7.187124053293914e-05,3.402816456516089e-05
TSM_NN_lag_1,-7.291629137391453e-05,0.0034858505551756684
Oa01_reflectance_roll_mean_28,-7.39884369887367e-05,6.367711814207748e-05
Oa11_reflectance_roll_min_28,-7.431711996863655e-05,1.929389178445817e-05
Oa09_reflectance_roll_mean_14,-8.463245565653033e-05,0.0002451538585373966
CHLL_NN_TOTAL_roll_std_14,-8.65429747738844e-05,0.00015199081881334605
CHL_NN_R2_roll_mean_28,-8.866498639110709e-05,0.005914162894234015
Oa12_reflectance_roll_std_7,-9.715664886864595e-05,8.128629923515913e-05
CHL_OC4ME,-9.825961011027396e-05,0.00042402181015145516
Oa17_reflectance_lag_7,-0.00010091628760018345,0.00012554824194363612
Oa09_reflectance_roll_std_7,-0.00010145705711255282,0.00015549234010153333
Oa09_reflectance_lag_7,-0.00010465620713175915,0.00018427877757261381
Oa16_reflectance_roll_mean_7,-0.00011067391134114146,0.00013414702182197886
Oa17_reflectance_roll_std_7,-0.00011170345243889379,3.4553288058142104e-05
A865_roll_mean_7,-0.00011199627021727388,0.0006597678413655456
Oa02_reflectance_roll_min_7,-0.00011590381153938622,0.00014143409125223243
Oa01_reflectance,-0.00011619717860718026,4.3030717216468724e-05
CI_index_lag_1,-0.00011636740385316813,0.00023068247197107898
Oa06_reflectance,-0.00013165789196074585,0.00018798586444678994
IWV_roll_std_28,-0.0001339132312930591,0.0007498501178578362
Oa16_reflectance,-0.00013492209329402094,6.317466861260963e-05
Oa03_reflectance_roll_mean_7,-0.00014842006198141356,7.396354785930309e-05
wind_speed_2m_roll_max_7,-0.00014941607239751242,0.0001580113901021954
wind_avg_lag_14,-0.00015575416177169288,0.0011571388763002162
A865_roll_mean_28,-0.00015618269420665244,0.0002250967548266947
Oa04_reflectance_lag_14,-0.00015830312521760703,0.00011915701960552563
Oa04_reflectance_roll_std_28,-0.00016740538459090182,0.0020784483032674
Oa11_reflectance_lag_1,-0.00017778399247783127,0.00010815109506054757
Oa09_reflectance_lag_28,-0.00018457605749482297,8.082072749436548e-05
water_level,-0.00019153846010668829,0.0034000595134909416
Oa01_reflectance_roll_std_7,-0.0001943694128212936,0.0001235040450081307
total_pixels_roll_std_28,-0.00019610760260642125,0.0002386576062805539
temp_max_lag_1,-0.00019900929751557329,0.0003782661947698339
ADG443_NN_lag_1,-0.00019987892178257026,6.75067700469658e-05
KD490_M07_roll_mean_7,-0.00020332405626541928,0.0016380784019652313
Oa03_reflectance_lag_28,-0.0002062497179578404,0.00026927095784374627
water_temperature_roll_max_7,-0.00021067357337547498,0.000105336786687793
Oa09_reflectance_lag_14,-0.00021251897430532018,0.0004542762910684
Oa10_reflectance_lag_7,-0.00023038095311997964,0.0002708689676326621
IWV_lag_7,-0.0002329440946357675,0.0005041845171095288
CI_index_roll_min_14,-0.00023648309894919173,0.0010560843447358344
Oa16_reflectance_lag_14,-0.0002533068414776629,0.0001628548025392192
wind_avg_roll_std_7,-0.0002542090833046462,0.0017951519265137514
CHL_NN_R1_roll_std_14,-0.00025423866865095237,0.00038010083685760933
wind_speed_2m_lag_28,-0.00025559804215578017,0.0005269460475665166
Oa06_reflectance_roll_min_7,-0.0002604382477072953,0.0002201076712062708
Oa03_reflectance_roll_min_14,-0.0002616243005074015,0.00029240362997911347
Oa04_reflectance_roll_std_14,-0.00026357293222067923,0.00038755307956883856
CHL_NN_R1_lag_1,-0.0002779002725081359,0.00025164320564702314
total_pixels_roll_mean_14,-0.000281585980008936,0.00033219267274020147
Oa16_reflectance_roll_max_14,-0.00028721272556127,0.00014317883470221066
temp_min_lag_28,-0.0002982768010248105,0.0002019394139825434
Oa03_reflectance_roll_std_14,-0.00030657705190004767,5.7801712660864835e-05
Oa02_reflectance_roll_std_14,-0.0003105166346404342,5.341526997898537e-05
IWV_roll_max_28,-0.00031194002298255973,0.00403578789658753
water_temperature_lag_14,-0.0003210230078440901,0.0004461294158834487
Oa01_reflectance_lag_1,-0.0003249433904315868,0.00013286191869407908
T865_roll_std_7,-0.00032737119799879365,0.0006164098854453397
CI_index_roll_min_28,-0.000330000816409326,0.00044274255487300863
TSM_NN_lag_7,-0.0003320341238241653,0.0009631145207994675
TSM_NN_lag_14,-0.0003348642963453052,0.0010121706328296018
Oa04_reflectance_roll_mean_28,-0.00033698243299178364,0.00023442258260776173
PAR_roll_max_7,-0.00034874457828579784,0.00026205304158337644
T865_lag_1,-0.00034906454728558247,0.001116646379492454
T865_roll_min_7,-0.000349195379295697,0.0001914102596523191
total_pixels,-0.0003535841013438734,0.0011660808389741624
CI_index_roll_max_14,-0.0003624974106941181,0.00017658495328124837
KD490_M07_roll_mean_14,-0.00036797749247603485,0.00040530947210669534
wind_speed_2m_lag_1,-0.0003757534424566167,0.0013737301139754802
Oa08_reflectance_roll_mean_14,-0.00039372217048501136,0.00038340988334135777
wind_speed_2m_lag_7,-0.00039431360996746714,0.000597402387702017
IWV_lag_28,-0.0003965614005402962,0.0003406631347309274
Watt_per_m2_lag_7,-0.0003967710275733616,0.001089710981305213
KD490_M07_roll_max_28,-0.00039872226129760157,0.0004753584316790121
Oa12_reflectance_roll_std_28,-0.00040597558207409177,0.00037055548570077214
Oa05_reflectance_lag_1,-0.0004143836496763864,0.0001262464714504072
Oa05_reflectance_roll_max_28,-0.00042473915518734804,0.0006848713089833296
A865_lag_7,-0.00042711989143033867,0.00027687053241377455
Oa03_reflectance_roll_std_7,-0.00043717705710957235,0.0003179469506252142
temp_min_lag_14,-0.000437690636965149,0.00013323346123563634
CI_index_roll_mean_28,-0.00045538972435639203,0.0005419007595626349
AWND_roll_mean_14,-0.00045988706049353566,0.0017570165753263687
TSM_NN_roll_max_28,-0.00046059002282516914,0.0005055815704705603
precipitation_roll_min_7,-0.0004807135936174767,0.00027679798814230557
temp_max_roll_min_14,-0.0004851012898352547,0.001179400731308725
CI_index_lag_28,-0.0004951086320938547,0.0003765991587968261
Oa06_reflectance_roll_min_14,-0.0004957142596347275,0.0002757363672475667
A865_lag_14,-0.000499707937075966,0.0008882616856343049
Oa02_reflectance_roll_std_7,-0.0005032855520067603,0.00039460487956426556
Oa03_reflectance_roll_min_28,-0.0005065034357267795,0.00010137155440704182
Oa09_reflectance_roll_min_7,-0.0005142090498801988,0.00030577306802545833
CHL_NN_R3_roll_std_7,-0.000528944567261469,0.0005418730040020112
T865_roll_mean_7,-0.0005310425291402243,0.000509298163514165
ADG443_NN_roll_min_14,-0.0005438100533258882,0.0001657645336380174
PAR_lag_1,-0.0005446661888848681,0.0005036169395141233
CHL_NN_R3_roll_std_28,-0.0005450370724693788,0.0008944828045389611
Oa05_reflectance_roll_mean_7,-0.0005506589497336733,0.00025164646220810145
Oa16_reflectance_roll_min_28,-0.0005587549890302857,0.0003649552005983052
Oa21_reflectance_roll_min_14,-0.0005601363941555526,0.0004889611082583254
Oa12_reflectance_lag_14,-0.0005623237620546284,0.0003212486814593244
Oa08_reflectance_roll_std_28,-0.0005703130835266635,9.761054750910596e-05
Oa21_reflectance_lag_1,-0.0005792617314499093,0.0005274405152481398
CHL_NN_R2_lag_7,-0.0005818240271663111,0.00043516488769404016
Oa02_reflectance_roll_min_14,-0.0005842200479018178,0.0005424815452646494
wind_avg_roll_std_14,-0.0006127895121408767,0.0009493483526191128
CHL_NN_R3_roll_min_28,-0.0006248491681814184,0.0009754553023225617
CHL_NN_R1_roll_mean_14,-0.0006259086061433994,0.0013175168481212775
Oa06_reflectance_roll_min_28,-0.0006335798251876134,0.003639825293361958
precipitation_roll_max_7,-0.0006389017770005001,0.0029338633283289353
temp_min_roll_max_14,-0.000644430112042027,0.0003492463657538814
Oa17_reflectance_roll_min_7,-0.0006534143911390622,0.0012660869005398528
Oa05_reflectance_roll_mean_28,-0.0006584689661842446,0.0010459738532118377
Oa08_reflectance_lag_7,-0.0006676164603510504,0.0002124199980044314
KD490_M07_lag_14,-0.0006708795962821146,0.0009125218381307715
T865_roll_min_28,-0.0006722395056166786,0.00018284634923234917
TSM_NN_roll_min_28,-0.00067256269442173,0.0005199362635649412
T865_roll_min_14,-0.0006840473866036145,0.0006945737476078865
Oa02_reflectance_lag_7,-0.0006896275910894811,0.00021225625976339468
PAR_roll_std_7,-0.0006925143895187613,0.0008001302256284034
Oa21_reflectance_roll_min_7,-0.000697094457957892,0.0012181832281857223
Oa21_reflectance_lag_7,-0.0006983464989549493,0.0008898524107873105
valid_pixels_lag_14,-0.0006984682236080176,0.0017208622369502893
Oa01_reflectance_lag_14,-0.0007143799618272606,0.0004294284435265852
ADG443_NN_roll_max_28,-0.0007211989925978823,0.0008202396384197179
Oa06_reflectance_roll_std_28,-0.0007321104185502136,0.000673565449741993
wind_avg_lag_7,-0.0007402912860365873,0.0003028676861004994
air_temperature_roll_mean_14,-0.0007519865463411878,0.00015744503660990923
valid_pixels_roll_mean_28,-0.0007689933364447565,0.0008658152719109965
IWV_roll_max_7,-0.0007744585020203143,0.001883503673913085
Watt_per_m2_roll_min_14,-0.0007823832028122091,0.0027903681449943196
Oa11_reflectance_roll_min_14,-0.0007907086210814374,0.0003670143619537631
Oa16_reflectance_roll_std_14,-0.0008076656031929197,0.0004775769283924913
ADG443_NN_lag_28,-0.0008114228727749584,0.0006125497241574113
Watt_per_m2_roll_mean_7,-0.0008248513638140053,0.0007594662277538012
CI_index_roll_min_7,-0.0008267658344577544,0.0009198801893924295
CHL_NN_R2_lag_28,-0.0008343439719308953,0.00040139060406266773
T865_roll_mean_28,-0.0008415854035988879,0.0015021450001755302
Watt_per_m2_lag_28,-0.0008454991705946213,0.0016826946841011817
AWND,-0.0008483120905947494,0.0006179674617334595
A865_lag_1,-0.0008503196979892103,0.0004461361640673713
Oa12_reflectance_roll_min_7,-0.0008719598793867523,0.0006392110720703618
IWV_lag_14,-0.0008871867958381685,0.00039342766644232403
Oa06_reflectance_lag_7,-0.0008921091826326055,0.0003287340223775904
ADG443_NN_roll_mean_7,-0.000892404639402633,0.00034098110538508626
ADG443_NN_roll_max_7,-0.0009147177583281874,0.0006619700764669289
CHLL_NN_TOTAL_roll_std_7,-0.0009238347647630097,0.0011258516187425903
PAR_roll_mean_28,-0.0009372794615496894,0.00033712153584311355
A865_roll_std_14,-0.000939632991739181,0.000437211109721879
wind_avg_lag_1,-0.0009450423714053357,0.0020655872105032652
CHL_OC4ME_roll_min_28,-0.0009501507330357484,0.0008469097712838019
CHL_NN_R3_lag_1,-0.0009502028855805644,0.0004588830971416389
CHL_OC4ME_lag_14,-0.0009696854144104261,0.000837308824134121
temp_min_lag_1,-0.0009738148829755655,0.0012042459498095269
Oa05_reflectance_roll_min_7,-0.0010342707694536823,0.0023724625641946525
PAR_lag_7,-0.0010445408950948477,0.00037445515745040535
wind_avg_roll_mean_7,-0.0010806844831007024,0.00023127229490924503
temp_max_roll_min_7,-0.0011093657985726147,0.0008697143266657767
Oa12_reflectance,-0.0011115195503247134,0.0003303511533116847
temp_max_roll_max_28,-0.0011214451782600055,0.005684070062250226
temp_max_roll_max_14,-0.0011303060760277984,0.000889069650662211
Oa08_reflectance_roll_mean_28,-0.0011354438524954435,0.0012760446771661086
wind_speed_2m_lag_14,-0.0011466543047128574,0.0003314731788716024
PAR_roll_std_14,-0.001161474908418203,0.0037770294879652983
Oa12_reflectance_roll_max_7,-0.001182608352389547,0.0008176112650319808
Oa01_reflectance_roll_mean_14,-0.0011942299808914481,0.0008404055901441014
T865_lag_28,-0.0012225387977364388,0.0004522156168241889
coverage_percent_lag_7,-0.0012302070127524268,0.0016289875286603544
Oa18_reflectance,-0.0012337081226458046,0.0004954582951416818
CHL_OC4ME_roll_min_7,-0.0012469049202860293,0.001444653856543748
Oa11_reflectance_lag_14,-0.0013068492707005498,0.0006636220650103364
IWV_roll_min_28,-0.0013166853842493166,0.0010373793376361005
CHL_NN_R1_lag_14,-0.0013479716653868935,0.0009383740909806864
IWV_roll_min_7,-0.0014509662644387245,0.0008234221360953947
A865_lag_28,-0.0014641630557866493,0.0006811881832524458
temp_min_roll_min_28,-0.001472517510149407,0.0010633766755685772
air_temperature_roll_std_14,-0.0014777066600470512,0.0027612832670220297
temp_max_roll_mean_14,-0.0015505348757173909,0.0002937745787156164
Oa05_reflectance_lag_14,-0.0016086753585718317,0.0008964337005570466
Oa21_reflectance_roll_min_28,-0.001615940210287503,0.0013542298841370754
temp_max_lag_14,-0.0016830608046517702,0.0020657897135924097
CI_index_roll_max_28,-0.0016964898696766983,0.0007832753467955397
CHL_NN_R1_roll_max_28,-0.0017504390570661776,0.0005065186032285245
valid_pixels_roll_min_28,-0.0018701266779876935,0.0024397693148750337
A865_roll_min_7,-0.0018880280521405002,0.0020048235486491775
total_pixels_roll_min_28,-0.0018972563951607847,0.00029655748608613307
air_pressure_roll_max_28,-0.0019668799216378207,0.0008064160143472712
precipitation,-0.001986334864544359,0.0035106852678573044
KD490_M07_roll_mean_28,-0.00207256285576376,0.001512313732766986
ADG443_NN_roll_min_7,-0.002099452143089353,0.003062703797716404
Watt_per_m2_roll_max_14,-0.00211813267436356,0.004894978896687228
KD490_M07_roll_max_7,-0.002136608623802738,0.001015745844229269
Watt_per_m2_roll_min_7,-0.002159655006068029,0.002393051498780239
air_pressure_lag_7,-0.0021933239914209146,0.0015667485955674853
CHL_NN_R1_roll_mean_7,-0.0022037750454431126,0.00046833101916813545
T865_roll_max_7,-0.0022114217197277243,0.0006471040301397773
Oa05_reflectance_roll_min_14,-0.0023047754163463717,0.002099166350013659
CI_index_roll_std_14,-0.002371428376953544,0.0014430167119645692
CHL_NN_R2_roll_max_7,-0.002379152741452328,0.00206871176811685
TSM_NN_roll_mean_14,-0.002384219308895297,0.0006651825629621164
temp_min,-0.0023913961091333036,0.0025877714432053006
water_temperature_roll_std_14,-0.0024031638997362046,0.0011714192551649989
CHL_NN_R1_roll_min_14,-0.0024299366909333654,0.00048305126761344304
air_pressure_roll_std_14,-0.0024507271782535423,0.0010826583018688025
air_temperature_roll_min_28,-0.002579434039371753,0.012081385665659212
coverage_percent_roll_min_7,-0.0025804214208969166,0.002982187587316813
Oa10_reflectance_roll_mean_28,-0.002670613787192222,0.00035420748298757576
CHL_OC4ME_roll_std_28,-0.002743511277143318,0.0009289394089301348
AWND_roll_std_14,-0.0028629386525832246,0.007342166383372792
PAR_roll_mean_14,-0.002870590879991619,0.001098929524984118
IWV_roll_std_14,-0.002902587518340205,0.0014493690663309375
wind_speed_2m_roll_std_14,-0.0029173576975664696,0.002840222129867874
AWND_roll_std_7,-0.002971253695798648,0.0011866389020048808
Oa08_reflectance_roll_std_7,-0.003036682894135323,0.0012567884892432516
wind_avg_roll_max_7,-0.0031182623814295153,0.0012401538973634552
valid_pixels_roll_max_14,-0.003134878787322348,0.001773645538172395
wind_avg_lag_28,-0.003270328177040449,0.0012254149785549285
wind_avg_roll_min_7,-0.003464775010661114,0.0009853612556058185
precipitation_roll_mean_28,-0.0035605691352254,0.005096681264277877
CHL_NN_R3_roll_mean_28,-0.003597334425197474,0.004034444106367768
air_pressure_roll_max_7,-0.0036174802106305306,0.0012521307441739655
PAR_roll_min_7,-0.0036274111245855334,0.0035172412848088913
precipitation_lag_1,-0.0038128905411143775,0.0016040632627730281
CHLL_NN_TOTAL_lag_14,-0.003909909953718893,0.0014098692892246989
temp_min_roll_max_7,-0.0039763420807072515,0.0013345441171775953
AWND_lag_28,-0.003996863949775387,0.001842781533278698
CHL_NN_R1,-0.004038544192230331,0.003935505431169027
AWND_roll_mean_28,-0.004137627128535071,0.0016455131102554423
air_temperature_lag_28,-0.004235434681577166,0.0037005392052140893
AWND_roll_min_28,-0.004364211797208162,0.0007299428839085851
TSM_NN_roll_max_14,-0.004472328883044874,0.0033175905031891735
precipitation_roll_mean_7,-0.004554718046469564,0.00286841564418836
AWND_lag_1,-0.004644432203292803,0.0010913395955454489
CI_index,-0.004704986658456001,0.004378521319396329
CHL_NN_R2_roll_std_28,-0.004753345319111313,0.001730022509711659
Oa11_reflectance,-0.004856041294627156,0.001854125321822724
CHL_NN_R2_roll_std_7,-0.004856096287741351,0.003153307207192313
CHL_NN_R2_roll_min_28,-0.004864454353320636,0.002124234542857661
A865_roll_std_28,-0.005000251968760772,0.0009769506448962988
air_temperature_roll_std_7,-0.005087248493058727,0.001873452526098821
CHL_OC4ME_roll_max_7,-0.005196392802282989,0.0011749373978218285
water_temperature_roll_std_28,-0.005287601992312307,0.001526343442660184
temp_max_roll_mean_28,-0.005511037740220148,0.0012425938038764857
IWV_roll_min_14,-0.00602716374401262,0.003939839295105105
water_temperature_roll_mean_7,-0.00607465222230581,0.0012318221088294915
Oa12_reflectance_roll_min_28,-0.006106695296557385,0.0037116801020359623
TSM_NN_roll_std_28,-0.006437055641347733,0.0012823689352949442
T865_roll_max_28,-0.006599498186026409,0.0016932545875504522
PAR_roll_min_28,-0.0066709499568875065,0.0027284981462860174
wind_avg_roll_min_14,-0.007405578525326107,0.001721077255555862
precipitation_lag_14,-0.007524622885140575,0.003923886963446397
A865_roll_std_7,-0.007529486109175565,0.0012642465750945515
wind_speed_2m_roll_mean_7,-0.007581968185421628,0.003034309060140591
air_pressure_roll_mean_7,-0.007596714650497649,0.0025533816743518955
AWND_lag_14,-0.007652283563923756,0.0012499839545097081
wind_avg_roll_min_28,-0.00797495829581667,0.0028847473938470322
wind_speed_2m_roll_std_7,-0.008074465837746292,0.0027984672257453367
AWND_roll_max_7,-0.008231943471401548,0.0045516850135248615
Watt_per_m2_roll_std_7,-0.008392181160227219,0.0032525264418091656
precipitation_roll_std_14,-0.008768461145201866,0.002870311517442618
PAR_roll_mean_7,-0.00882952518655573,0.0021108867521027995
temp_max_roll_std_14,-0.00912312404048854,0.005244053870326784
temp_max_roll_std_7,-0.00929001384429835,0.002501288017732042
CI_index_roll_std_28,-0.00930005061401853,0.007583210663265947
wind_speed_2m_roll_min_14,-0.0093467345847281,0.0015947596959545822
temp_min_roll_mean_7,-0.009405227959475848,0.0028466697510277795
TSM_NN_roll_mean_28,-0.009911491591209654,0.002654715705772035
CHL_NN_R1_roll_min_28,-0.010519710173159603,0.004877332316801988
AWND_roll_max_14,-0.01074674987443056,0.0023786011498954027
AWND_roll_std_28,-0.0109051838720565,0.0036211733322513723
temp_max_roll_min_28,-0.011457689350150435,0.0045334638793425065
Oa18_reflectance_roll_min_14,-0.01362980218244294,0.003913582782010228
precipitation_roll_max_28,-0.013965584936078069,0.0035597435012277
valid_pixels_roll_min_14,-0.014262997580845482,0.003999547677608887
wind_speed_2m_roll_min_7,-0.014404017175242511,0.0038332490666671028
wind_avg_roll_mean_14,-0.015448593877258743,0.002172788774881899
wind_speed_2m_roll_max_28,-0.015644202200033642,0.007377652938572363
CHLL_NN_TOTAL_roll_max_7,-0.016397385906616258,0.0016628072555800915
ADG443_NN_roll_std_14,-0.01667142394394223,0.0120503241784799
AWND_roll_min_14,-0.018306950081221674,0.0050428857810390125
wind_speed_2m_roll_mean_28,-0.019568750806576007,0.008021895585357782
wind_speed_2m_roll_std_28,-0.01989413301270395,0.02283184225022729
wind_speed_2m_roll_mean_14,-0.021446847370326694,0.004913492091052523
air_temperature_roll_max_14,-0.02631789661815991,0.00297719307109565
air_pressure_roll_std_28,-0.02976874698277663,0.009383260209375357
Watt_per_m2_roll_mean_14,-0.0299458462229762,0.005230549566653642
temp_min_roll_mean_14,-0.031293989537033794,0.008363040017916535
air_temperature_roll_max_28,-0.043080632221658456,0.014764699458599321
CHLL_NN_TOTAL_roll_min_28,-0.0521026238826332,0.026244495282736226
